SET NAMES utf8;
SET time_zone = '+00:00';
SET foreign_key_checks = 0;
SET sql_mode = 'NO_AUTO_VALUE_ON_ZERO';

SET NAMES utf8mb4;

DROP TABLE IF EXISTS `Adopter`;
CREATE TABLE `Adopter` (
  `email` varchar(50) NOT NULL,
  `first_name` varchar(50) NOT NULL,
  `last_name` varchar(50) NOT NULL,
  `cell_phone` varchar(20) NOT NULL,
  `street` varchar(250) NOT NULL,
  `city` varchar(50) CHARACTER SET utf8mb4 COLLATE utf8mb4_0900_ai_ci NOT NULL,
  `state` varchar(10) NOT NULL,
  `zip_code` varchar(12) NOT NULL,
  PRIMARY KEY (`email`)
) ;

INSERT INTO `Adopter` (`email`, `first_name`, `last_name`, `cell_phone`, `street`, `city`, `state`, `zip_code`) VALUES
('aacey@dontechi.com',	'Alishia',	'Acey',	'4315446950',	'1877 19-street',	'Lexington-Fayette',	'PA',	'25328'),
('aboord@faxquote.com',	'Adell',	'Boord',	'8180277826',	'9664 3-street',	'Fort Wayne',	'FL',	'60156'),
('acoyier@hottechi.com',	'Annmarie',	'Coyier',	'3406432705',	'1379 17-street',	'Mesa',	'VA',	'98743'),
('adenooyer@kinnamplus.com',	'Art',	'Denooyer',	'1737623015',	'8189 4-street',	'Irvine',	'NC',	'93779'),
('afigeroa@labdrill.com',	'Alpha',	'Figeroa',	'6572550852',	'812 21-street',	'Garland',	'FL',	'55207'),
('agillaspie@golddex.com',	'Alline',	'Gillaspie',	'1116695849',	'2773 19-street',	'Portland',	'NV',	'97544'),
('ahoogland@doncon.com',	'Alex',	'Hoogland',	'4387341818',	'255 12-street',	'Chula Vista',	'IN',	'57009'),
('ahoogland@y-corporation.com',	'Ammie',	'Hoogland',	'3880116823',	'7286 6-street',	'Tampa',	'HI',	'84881'),
('ahusser@finhigh.com',	'Ammie',	'Husser',	'4709913261',	'8836 18-street',	'Memphis',	'TN',	'91431'),
('ajuvera@groovestreet.com',	'Amie',	'Juvera',	'6883841586',	'7335 9-street',	'Austin',	'TX',	'52943'),
('amiceli@blackzim.com',	'An',	'Miceli',	'0212506214',	'6950 8-street',	'Durham',	'WI',	'63410'),
('anievas@rangreen.com',	'Alline',	'Nievas',	'1540065789',	'5735 1-street',	'Stockton',	'OH',	'61767'),
('aoles@bioplex.com',	'Antione',	'Oles',	'1075419082',	'6766 17-street',	'Newark',	'TX',	'65824'),
('aostolaza@finjob.com',	'Alecia',	'Ostolaza',	'6965596189',	'781 15-street',	'Phoenix',	'AZ',	'81617'),
('arulapaugh@zencorporation.com',	'Alecia',	'Rulapaugh',	'5287301786',	'4782 11-street',	'Gilbert',	'LA',	'57524'),
('aspickerman@green-plus.com',	'Albina',	'Spickerman',	'4965767143',	'9182 8-street',	'Anchorage',	'CA',	'88656'),
('awildfong@conecom.com',	'Amber',	'Wildfong',	'0164165810',	'8735 7-street',	'Tampa',	'HI',	'87978'),
('bdiestel@condax.com',	'Bette',	'Diestel',	'5601011487',	'7554 8-street',	'Aurora',	'CA',	'09614'),
('bflosi@ganjaflex.com',	'Beatriz',	'Flosi',	'8155072383',	'9772 11-street',	'Jersey City',	'CA',	'06026'),
('bmastella@kan-code.com',	'Brittni',	'Mastella',	'3703831645',	'1142 11-street',	'Virginia Beach',	'GA',	'86605'),
('bpoullion@opentech.com',	'Brett',	'Poullion',	'8248844862',	'2377 13-street',	'Hialeah',	'NV',	'15054'),
('brestrepo@xx-holding.com',	'Belen',	'Restrepo',	'6101805651',	'3761 7-street',	'Jersey City',	'CA',	'71855'),
('brhym@dambase.com',	'Buddy',	'Rhym',	'1763305209',	'6822 11-street',	'Colorado Springs',	'NE',	'48984'),
('bsengbusch@singletechno.com',	'Beatriz',	'Sengbusch',	'8127198337',	'3716 4-street',	'Pittsburgh',	'AK',	'02407'),
('cbourbon@betasoloin.com',	'Caitlin',	'Bourbon',	'0345896524',	'2806 18-street',	'Fort Wayne',	'FL',	'12470'),
('ccoody@sonron.com',	'Carissa',	'Coody',	'8809306211',	'2335 7-street',	'Memphis',	'TN',	'49402'),
('cfelger@stanredtax.com',	'Cristy',	'Felger',	'2650324827',	'5504 15-street',	'Chandler',	'TX',	'23615'),
('chagele@zencorporation.com',	'Claribel',	'Hagele',	'3187431843',	'9115 13-street',	'Irving',	'AZ',	'65051'),
('chirpara@rantouch.com',	'Clorinda',	'Hirpara',	'5905299590',	'4420 18-street',	'Milwaukee',	'NM',	'96662'),
('ckannady@dambase.com',	'Catalina',	'Kannady',	'1945134801',	'9999 7-street',	'Sacramento',	'CA',	'90468'),
('ckippley@plussunin.com',	'Carmela',	'Kippley',	'2784922561',	'5750 9-street',	'Columbus',	'OH',	'44347'),
('clawler@dontechi.com',	'Chau',	'Lawler',	'3270032002',	'1147 9-street',	'Columbus',	'OH',	'34302'),
('cmorasca@ganjaflex.com',	'Chantell',	'Morasca',	'4564896082',	'669 18-street',	'Norfolk',	'NC',	'66567'),
('cpagliuca@betasoloin.com',	'Catarina',	'Pagliuca',	'4285698314',	'2537 18-street',	'Chesapeake',	'AZ',	'39058'),
('cpaulas@opentech.com',	'Carlee',	'Paulas',	'7399274620',	'6751 6-street',	'St. Louis',	'CA',	'40354'),
('cperruzza@doncon.com',	'Colette',	'Perruzza',	'1854047826',	'757 18-street',	'Denver',	'CO',	'56082'),
('cpugh@domzoom.com',	'Carmela',	'Pugh',	'1757054248',	'647 9-street',	'Oklahoma City',	'KY',	'85065'),
('creitler@silis.com',	'Casie',	'Reitler',	'9724575734',	'9364 2-street',	'Santa Ana',	'MO',	'58819'),
('cscipione@kan-code.com',	'Cecily',	'Scipione',	'6166913095',	'4492 21-street',	'Albuquerque',	'AZ',	'84625'),
('cyori@donware.com',	'Claribel',	'Yori',	'1919774747',	'598 9-street',	'Louisville/Jefferson County',	'OR',	'17309'),
('dangalich@donware.com',	'Delisa',	'Angalich',	'5503754471',	'4632 4-street',	'Las Vegas',	'WI',	'25780'),
('dgellinger@dambase.com',	'Devora',	'Gellinger',	'8628090963',	'3711 13-street',	'Corpus Christi',	'KY',	'03268'),
('dkines@betatech.com',	'Dorthy',	'Kines',	'9497063223',	'9057 19-street',	'Sacramento',	'CA',	'75064'),
('dscipione@dambase.com',	'Denise',	'Scipione',	'4302798321',	'299 8-street',	'North Las Vegas',	'CA',	'74474'),
('dseewald@goodsilron.com',	'Dalene',	'Seewald',	'5329170117',	'2541 20-street',	'Fort Wayne',	'FL',	'51178'),
('dstoltzman@condax.com',	'Daniela',	'Stoltzman',	'3591178202',	'1963 14-street',	'North Las Vegas',	'CA',	'61067'),
('dturinetti@doncon.com',	'Dorthy',	'Turinetti',	'1178998719',	'1196 17-street',	'Houston',	'TX',	'55569'),
('eadkin@stanredtax.com',	'Elly',	'Adkin',	'7579751550',	'346 21-street',	'Portland',	'NV',	'75532'),
('ebachman@goodsilron.com',	'Ernie',	'Bachman',	'6559550575',	'5728 9-street',	'El Paso',	'TX',	'90514'),
('ebowley@ganjaflex.com',	'Ernie',	'Bowley',	'9407037638',	'3121 12-street',	'Plano',	'NV',	'03558'),
('egoldammer@scottech.com',	'Elke',	'Goldammer',	'7636589113',	'5061 3-street',	'Madison',	'TX',	'31967'),
('egrenet@y-corporation.com',	'Ernie',	'Grenet',	'1697611014',	'5073 14-street',	'Virginia Beach',	'GA',	'49648'),
('ehirpara@sunnamplex.com',	'Elvera',	'Hirpara',	'1876924079',	'3366 1-street',	'Baton Rouge',	'TX',	'73854'),
('elary@lexiqvolax.com',	'Erick',	'Lary',	'1316212290',	'6988 17-street',	'Buffalo',	'NJ',	'51772'),
('eperigo@plussunin.com',	'Eladia',	'Perigo',	'1059814975',	'6759 16-street',	'Jersey City',	'CA',	'50660'),
('esaylors@groovestreet.com',	'Estrella',	'Saylors',	'5148314369',	'8624 2-street',	'Winston-Salem',	'AZ',	'07775'),
('esaylors@y-corporation.com',	'Evangelina',	'Saylors',	'0167588959',	'714 1-street',	'Sacramento',	'CA',	'17261'),
('estenseth@cancity.com',	'Erinn',	'Stenseth',	'5878076341',	'6364 14-street',	'Lubbock',	'CA',	'12415'),
('etromblay@toughzap.com',	'Elouise',	'Tromblay',	'0947509402',	'4110 6-street',	'Santa Ana',	'MO',	'73576'),
('fdelasancha@inity.com',	'France',	'Delasancha',	'2275019405',	'2862 12-street',	'Newark',	'TX',	'66783'),
('ggalam@ron-tech.com',	'Glen',	'Galam',	'6803773336',	'1051 20-street',	'Omaha',	'NC',	'70245'),
('ghalter@konmatfix.com',	'Goldie',	'Halter',	'3935547137',	'538 12-street',	'Chesapeake',	'AZ',	'85885'),
('gkines@inity.com',	'Gearldine',	'Kines',	'8292555533',	'9024 7-street',	'St. Petersburg',	'AZ',	'54656'),
('gschnitzler@y-corporation.com',	'Glory',	'Schnitzler',	'9343575232',	'2762 18-street',	'Indianapolis',	'IN',	'83269'),
('hcallaro@cancity.com',	'Helga',	'Callaro',	'4556917286',	'7628 7-street',	'Greensboro',	'NJ',	'04569'),
('hgwalthney@funholding.com',	'Helga',	'Gwalthney',	'3986052383',	'8305 14-street',	'Boise City',	'VA',	'29356'),
('hmenter@doncon.com',	'Hillary',	'Menter',	'5879884007',	'3773 11-street',	'Hialeah',	'NV',	'25516'),
('hseewald@j-texon.com',	'Helga',	'Seewald',	'1110994610',	'4606 15-street',	'Colorado Springs',	'NE',	'66599'),
('icaldarera@yearin.com',	'Izetta',	'Caldarera',	'7165710328',	'1073 3-street',	'Winston-Salem',	'AZ',	'07719'),
('iferrario@plexzap.com',	'Ilene',	'Ferrario',	'3629127397',	'8512 18-street',	'Hialeah',	'NV',	'85689'),
('jacey@inity.com',	'Johnetta',	'Acey',	'4534969813',	'9551 14-street',	'Wichita',	'TX',	'17071'),
('jblackwood@dambase.com',	'Judy',	'Blackwood',	'0974760756',	'6777 15-street',	'Oakland',	'MN',	'61777'),
('jbuvens@plusstrip.com',	'Janine',	'Buvens',	'1175638045',	'9670 11-street',	'Bakersfield',	'FL',	'13724'),
('jdiscipio@singletechno.com',	'Jolanda',	'Discipio',	'9344303290',	'6649 12-street',	'Aurora',	'CA',	'30452'),
('jkarpel@mathtouch.com',	'Justine',	'Karpel',	'1064056528',	'5493 1-street',	'Fresno',	'CA',	'59927'),
('jlueckenbach@plussunin.com',	'Jani',	'Lueckenbach',	'0835309870',	'8220 17-street',	'Fort Wayne',	'FL',	'16818'),
('jmirafuentes@rangreen.com',	'Jolanda',	'Mirafuentes',	'7619983851',	'5701 5-street',	'Orlando',	'FL',	'01741'),
('jpoquette@ron-tech.com',	'Johnetta',	'Poquette',	'5358671206',	'2714 13-street',	'Riverside',	'TX',	'08562'),
('jrestrepo@konmatfix.com',	'Jettie',	'Restrepo',	'2580479634',	'8358 20-street',	'Baton Rouge',	'TX',	'98180'),
('jspickerman@y-corporation.com',	'Joseph',	'Spickerman',	'0631902612',	'3992 8-street',	'Anaheim',	'CA',	'87162'),
('jzurcher@domzoom.com',	'Jess',	'Zurcher',	'3380280041',	'4517 5-street',	'Jersey City',	'CA',	'25285'),
('kbenimadho@donquadtech.com',	'Kristofer',	'Benimadho',	'6809682447',	'7934 17-street',	'Los Angeles',	'CA',	'98376'),
('kbreland@year-job.com',	'Kallie',	'Breland',	'1443932256',	'1184 11-street',	'Colorado Springs',	'NE',	'55106'),
('kcraghead@sumace.com',	'Kayleigh',	'Craghead',	'2945618913',	'5350 6-street',	'Denver',	'CO',	'22151'),
('kharnos@conecom.com',	'Kanisha',	'Harnos',	'5651564822',	'1343 15-street',	'Chesapeake',	'AZ',	'75142'),
('kmyricks@groovestreet.com',	'Kenneth',	'Myricks',	'0510828696',	'6153 14-street',	'Gilbert',	'LA',	'67479'),
('kpatak@groovestreet.com',	'Karl',	'Patak',	'3566256867',	'5111 8-street',	'Atlanta',	'CO',	'12554'),
('kpedrozo@kan-code.com',	'Kris',	'Pedrozo',	'2805097775',	'289 21-street',	'North Las Vegas',	'CA',	'21987'),
('kweglarz@streethex.com',	'Kayleigh',	'Weglarz',	'0776708535',	'9715 16-street',	'Kansas City',	'AZ',	'98923'),
('ladkin@domzoom.com',	'Leonida',	'Adkin',	'7423018249',	'3273 13-street',	'Dallas',	'TX',	'20939'),
('lbayless@sumace.com',	'Lorrine',	'Bayless',	'3882307371',	'4015 17-street',	'Austin',	'TX',	'23088'),
('ldevreese@sonron.com',	'Lai',	'Devreese',	'2295763217',	'6669 17-street',	'Atlanta',	'CO',	'47892'),
('lflister@hottechi.com',	'Lonny',	'Flister',	'5160672671',	'7359 18-street',	'Winston-Salem',	'AZ',	'75981'),
('lhamilton@labdrill.com',	'Lai',	'Hamilton',	'4670203056',	'2726 13-street',	'Irving',	'AZ',	'69986'),
('lharabedian@plussunin.com',	'Lashaunda',	'Harabedian',	'3736831230',	'2367 6-street',	'Charlotte',	'NC',	'90090'),
('lharoldson@rangreen.com',	'Lonny',	'Haroldson',	'9234972301',	'7603 5-street',	'Fremont',	'ID',	'52777'),
('liturbide@dontechi.com',	'Leatha',	'Iturbide',	'1251152268',	'7080 10-street',	'Irvine',	'NC',	'28123'),
('lkarpel@nam-zim.com',	'Lorrine',	'Karpel',	'3417123913',	'3646 19-street',	'Miami',	'CA',	'45960'),
('lkippley@golddex.com',	'Louisa',	'Kippley',	'1491225057',	'2539 6-street',	'Irving',	'AZ',	'95249'),
('lmonarrez@goodsilron.com',	'Larae',	'Monarrez',	'9692306614',	'8793 2-street',	'Miami',	'CA',	'00240'),
('lmorocco@year-job.com',	'Lorrie',	'Morocco',	'0428043150',	'2629 1-street',	'Baltimore',	'OK',	'27365'),
('lmunns@toughzap.com',	'Lettie',	'Munns',	'0642648839',	'3948 1-street',	'Oakland',	'MN',	'80297'),
('lnunlee@ron-tech.com',	'Lai',	'Nunlee',	'8322208696',	'2983 6-street',	'Riverside',	'TX',	'70214'),
('loldroyd@hottechi.com',	'Lucy',	'Oldroyd',	'8274477101',	'9392 18-street',	'Nashville-Davidson',	'MD',	'34894'),
('lpadilla@conecom.com',	'Leota',	'Padilla',	'6956904911',	'6301 14-street',	'Wichita',	'TX',	'78386'),
('lschoeneck@streethex.com',	'Lindsey',	'Schoeneck',	'2211344817',	'9020 15-street',	'Chula Vista',	'IN',	'84830'),
('lsteffensmeier@gogozoom.com',	'Lashon',	'Steffensmeier',	'1228445496',	'824 2-street',	'San Francisco',	'CA',	'37737'),
('lstockham@j-texon.com',	'Laurel',	'Stockham',	'8834494208',	'1636 3-street',	'Chesapeake',	'AZ',	'01939'),
('lsturiale@silis.com',	'Louvenia',	'Sturiale',	'9890817149',	'487 12-street',	'Chula Vista',	'IN',	'08055'),
('ltheodorov@opentech.com',	'Louvenia',	'Theodorov',	'7817467627',	'6164 5-street',	'Irving',	'AZ',	'65641'),
('lwalthall@betasoloin.com',	'Laurel',	'Walthall',	'5336512883',	'3863 8-street',	'Charlotte',	'NC',	'18095'),
('mbolognia@finjob.com',	'Mitsue',	'Bolognia',	'0779534703',	'9389 18-street',	'Detroit',	'MI',	'47637'),
('mhollack@scottech.com',	'Mozell',	'Hollack',	'2812000053',	'321 12-street',	'Plano',	'NV',	'99069'),
('mhoopengardner@xx-holding.com',	'Minna',	'Hoopengardner',	'1148144860',	'8533 19-street',	'San Diego',	'CA',	'20674'),
('mreiber@scottech.com',	'Marguerita',	'Reiber',	'1465945858',	'6710 19-street',	'Wichita',	'TX',	'23815'),
('mreitler@fasehatice.com',	'Mariann',	'Reitler',	'8934510509',	'2800 20-street',	'Philadelphia',	'PA',	'70825'),
('msarao@newex.com',	'Maurine',	'Sarao',	'4568765994',	'1334 7-street',	'Arlington',	'LA',	'95129'),
('msetter@fasehatice.com',	'Merissa',	'Setter',	'8221492776',	'4798 5-street',	'Atlanta',	'CO',	'27044'),
('mskulski@sumace.com',	'Marvel',	'Skulski',	'2588966131',	'4635 3-street',	'Atlanta',	'CO',	'52151'),
('mstem@betasoloin.com',	'Margart',	'Stem',	'3730603927',	'9062 18-street',	'Hialeah',	'NV',	'76455'),
('ncartan@statholdings.com',	'Nicolette',	'Cartan',	'5818532403',	'9394 9-street',	'Portland',	'NV',	'78788'),
('ndenooyer@statholdings.com',	'Nan',	'Denooyer',	'1330987794',	'4482 20-street',	'Austin',	'TX',	'83645'),
('nhaufler@zencorporation.com',	'Nicolette',	'Haufler',	'8463939610',	'8010 8-street',	'Pittsburgh',	'AK',	'14517'),
('nhiatt@plexzap.com',	'Nicolette',	'Hiatt',	'0413614987',	'6230 12-street',	'Kansas City',	'AZ',	'69748'),
('oflosi@betatech.com',	'Olive',	'Flosi',	'2495654893',	'3466 14-street',	'Indianapolis',	'IN',	'47706'),
('rauber@dambase.com',	'Raymon',	'Auber',	'4604406661',	'1900 9-street',	'Los Angeles',	'CA',	'08130'),
('rbourbon@lexiqvolax.com',	'Roosevelt',	'Bourbon',	'2726060664',	'4241 4-street',	'San Francisco',	'CA',	'16949'),
('rgarufi@bioplex.com',	'Regenia',	'Garufi',	'2817952195',	'8020 6-street',	'Kansas City',	'AZ',	'14901'),
('rhollack@plexzap.com',	'Rikki',	'Hollack',	'2522640007',	'9390 3-street',	'New Orleans',	'CA',	'11929'),
('rtegarden@donquadtech.com',	'Rolande',	'Tegarden',	'6938497826',	'4370 19-street',	'New York',	'NY',	'78429'),
('rvanheusen@statholdings.com',	'Roosevelt',	'Vanheusen',	'9827706913',	'1269 13-street',	'Phoenix',	'AZ',	'01497'),
('smeteer@dalttechnology.com',	'Serina',	'Meteer',	'9502296621',	'1473 12-street',	'Richmond',	'CA',	'19203'),
('snicka@year-job.com',	'Shonda',	'Nicka',	'2134076388',	'8687 19-street',	'Louisville/Jefferson County',	'OR',	'24281'),
('szepp@dalttechnology.com',	'Shonda',	'Zepp',	'0856916853',	'4752 5-street',	'Toledo',	'NC',	'80532'),
('tkines@sumace.com',	'Timothy',	'Kines',	'1717769169',	'3481 14-street',	'Denver',	'CO',	'90861'),
('traymo@scotfind.com',	'Thaddeus',	'Raymo',	'1332668310',	'7830 12-street',	'Nashville-Davidson',	'MD',	'19348'),
('troyster@kan-code.com',	'Ty',	'Royster',	'7809866690',	'6993 11-street',	'Jersey City',	'CA',	'67631'),
('trulapaugh@yearin.com',	'Timothy',	'Rulapaugh',	'8427777663',	'6512 1-street',	'Minneapolis',	'OK',	'50531'),
('ttromblay@dontechi.com',	'Taryn',	'Tromblay',	'7833051221',	'3749 5-street',	'Cincinnati',	'MN',	'81042'),
('vkeener@kan-code.com',	'Virgina',	'Keener',	'4207746671',	'6442 21-street',	'St. Petersburg',	'AZ',	'76382'),
('vknipp@year-job.com',	'Viva',	'Knipp',	'6920051808',	'4275 6-street',	'Stockton',	'OH',	'17197'),
('vlouissant@sunnamplex.com',	'Viva',	'Louissant',	'6787813627',	'9677 17-street',	'Laredo',	'VA',	'17201'),
('whamilton@opentech.com',	'Willow',	'Hamilton',	'3870058455',	'2265 5-street',	'Fremont',	'ID',	'83391'),
('wmeteer@domzoom.com',	'Willodean',	'Meteer',	'1962927175',	'826 10-street',	'Toledo',	'NC',	'10134'),
('woles@codehow.com',	'Wilda',	'Oles',	'7969401687',	'7083 18-street',	'Milwaukee',	'NM',	'12696'),
('wstockham@zotware.com',	'Willodean',	'Stockham',	'7413091810',	'6570 17-street',	'Winston-Salem',	'AZ',	'09280'),
('xdubaldi@iselectrics.com',	'Xuan',	'Dubaldi',	'7455760970',	'1372 11-street',	'Baltimore',	'OK',	'06641'),
('yisenhower@dambase.com',	'Yvonne',	'Isenhower',	'8159445334',	'1787 5-street',	'Cincinnati',	'MN',	'73119');

DROP TABLE IF EXISTS `AdoptionApplication`;
CREATE TABLE `AdoptionApplication` (
  `application_number` int NOT NULL AUTO_INCREMENT,
  `adopter_email` varchar(50) NOT NULL,
  `coApp_first_name` varchar(20) DEFAULT NULL,
  `coApp_last_name` varchar(20) DEFAULT NULL,
  `approval_state` varchar(20) CHARACTER SET utf8mb4 COLLATE utf8mb4_0900_ai_ci NOT NULL DEFAULT 'pending approval',
  `is_approved` int NOT NULL,
  `is_rejected` int NOT NULL,
  `apply_date` date NOT NULL,
  `dogID` int unsigned DEFAULT NULL,
  `adopted_date` date DEFAULT NULL,
  `fee` double DEFAULT NULL,
  PRIMARY KEY (`application_number`),
  UNIQUE KEY `dogID` (`dogID`),
  KEY `fk_AdoptionApplication_adopter_email_Adopter_email` (`adopter_email`),
  CONSTRAINT `fk_AdoptionApplication_adopter_email_Adopter_email` FOREIGN KEY (`adopter_email`) REFERENCES `Adopter` (`email`),
  CONSTRAINT `fk_AdoptionApplication_dogID_Dog_dogID` FOREIGN KEY (`dogID`) REFERENCES `Dog` (`dogID`)
);

INSERT INTO `AdoptionApplication` (`application_number`, `adopter_email`, `coApp_first_name`, `coApp_last_name`, `approval_state`, `is_approved`, `is_rejected`, `apply_date`, `dogID`, `adopted_date`, `fee`) VALUES
(1,	'hcallaro@cancity.com',	'Casie',	'Comnick',	'approved',	1,	0,	'2019-01-01',	40,	'2019-04-16',	NULL),
(2,	'fdelasancha@inity.com',	'Selma',	'Maclead',	'approved',	1,	0,	'2019-01-01',	13,	'2019-02-01',	NULL),
(3,	'amiceli@blackzim.com',	'Kristeen',	'Acey',	'rejected',	0,	1,	'2019-01-01',	NULL,	NULL,	NULL),
(4,	'jblackwood@dambase.com',	'Nana',	'Tollner',	'approved',	1,	0,	'2019-01-02',	3,	'2019-01-09',	NULL),
(5,	'brhym@dambase.com',	'Avery',	'Klusman',	'rejected',	0,	1,	'2019-01-02',	NULL,	NULL,	NULL),
(6,	'acoyier@hottechi.com',	'Quentin',	'Loader',	'approved',	1,	0,	'2019-01-02',	1,	'2019-01-09',	NULL),
(7,	'lhamilton@labdrill.com',	NULL,	NULL,	'approved',	1,	0,	'2019-01-03',	30,	'2019-03-22',	NULL),
(8,	'lmorocco@year-job.com',	'Mona',	'Deleo',	'rejected',	0,	1,	'2019-01-03',	NULL,	NULL,	NULL),
(9,	'mstem@betasoloin.com',	'Yuki',	'Vonasek',	'rejected',	0,	1,	'2019-01-03',	NULL,	NULL,	NULL),
(10,	'mhollack@scottech.com',	'Kaitlyn',	'Klimek',	'approved',	1,	0,	'2019-01-04',	NULL,	NULL,	NULL),
(11,	'rgarufi@bioplex.com',	'Raylene',	'Blackwood',	'approved',	1,	0,	'2019-01-07',	56,	'2019-06-04',	NULL),
(12,	'lkarpel@nam-zim.com',	'Nieves',	'Batman',	'rejected',	0,	1,	'2019-01-07',	NULL,	NULL,	NULL),
(13,	'kharnos@conecom.com',	'Matthew',	'Rauser',	'rejected',	0,	1,	'2019-01-07',	NULL,	NULL,	NULL),
(14,	'ltheodorov@opentech.com',	'Lizette',	'Witten',	'rejected',	0,	1,	'2019-01-08',	NULL,	NULL,	NULL),
(15,	'gkines@inity.com',	'Roosevelt',	'Springe',	'approved',	1,	0,	'2019-01-08',	60,	'2019-06-06',	NULL),
(16,	'amiceli@blackzim.com',	'Delisa',	'Keetch',	'approved',	1,	0,	'2019-01-08',	5,	'2019-01-17',	NULL),
(17,	'cscipione@kan-code.com',	'Ammie',	'Heintzman',	'approved',	1,	0,	'2019-01-09',	7,	'2019-01-28',	NULL),
(18,	'lmorocco@year-job.com',	'Lashaunda',	'Paulas',	'approved',	1,	0,	'2019-01-09',	10,	'2019-01-29',	NULL),
(19,	'lmunns@toughzap.com',	'Thaddeus',	'Caudy',	'rejected',	0,	1,	'2019-01-09',	NULL,	NULL,	NULL),
(20,	'jrestrepo@konmatfix.com',	'Evangelina',	'Crupi',	'approved',	1,	0,	'2019-01-10',	21,	'2019-02-21',	NULL),
(21,	'jlueckenbach@plussunin.com',	NULL,	NULL,	'approved',	1,	0,	'2019-01-10',	NULL,	NULL,	NULL),
(22,	'aostolaza@finjob.com',	'Serina',	'Jurney',	'rejected',	0,	1,	'2019-01-10',	NULL,	NULL,	NULL),
(23,	'ggalam@ron-tech.com',	NULL,	NULL,	'approved',	1,	0,	'2019-01-11',	8,	'2019-01-25',	NULL),
(24,	'dkines@betatech.com',	'Leonora',	'Coyier',	'approved',	1,	0,	'2019-01-14',	NULL,	NULL,	NULL),
(25,	'kcraghead@sumace.com',	'Virgina',	'Perin',	'approved',	1,	0,	'2019-01-14',	11,	'2019-03-11',	NULL),
(26,	'dgellinger@dambase.com',	'Melissa',	'Vanheusen',	'approved',	1,	0,	'2019-01-15',	6,	'2019-01-22',	NULL),
(27,	'hmenter@doncon.com',	NULL,	NULL,	'approved',	1,	0,	'2019-01-16',	16,	'2019-02-14',	NULL),
(28,	'bmastella@kan-code.com',	NULL,	NULL,	'rejected',	0,	1,	'2019-01-17',	NULL,	NULL,	NULL),
(29,	'snicka@year-job.com',	'Vilma',	'Marrier',	'approved',	1,	0,	'2019-01-17',	23,	'2019-02-22',	NULL),
(30,	'cpugh@domzoom.com',	'Willard',	'Albares',	'approved',	1,	0,	'2019-01-17',	91,	'2019-08-05',	NULL),
(31,	'cscipione@kan-code.com',	'Lezlie',	'Steffensmeier',	'approved',	1,	0,	'2019-01-17',	46,	'2019-05-08',	NULL),
(32,	'jspickerman@y-corporation.com',	'Devora',	'Meinerding',	'approved',	1,	0,	'2019-01-18',	38,	'2019-04-08',	NULL),
(33,	'cpagliuca@betasoloin.com',	NULL,	NULL,	'approved',	1,	0,	'2019-01-18',	50,	'2019-05-27',	NULL),
(34,	'cpaulas@opentech.com',	'Janine',	'Cetta',	'approved',	1,	0,	'2019-01-21',	32,	'2019-03-29',	NULL),
(35,	'troyster@kan-code.com',	'Tamar',	'Lawler',	'approved',	1,	0,	'2019-01-21',	4,	'2019-01-21',	NULL),
(36,	'ahoogland@doncon.com',	'Mirta',	'Yglesias',	'approved',	1,	0,	'2019-01-22',	75,	'2019-07-12',	NULL),
(37,	'mhollack@scottech.com',	'Dorothy',	'Frerking',	'approved',	1,	0,	'2019-01-22',	15,	'2019-02-21',	NULL),
(38,	'ebowley@ganjaflex.com',	NULL,	NULL,	'rejected',	0,	1,	'2019-01-23',	NULL,	NULL,	NULL),
(39,	'eperigo@plussunin.com',	'Izetta',	'Myricks',	'approved',	1,	0,	'2019-01-23',	20,	'2019-02-20',	NULL),
(40,	'estenseth@cancity.com',	'Felix',	'Kitty',	'approved',	1,	0,	'2019-01-23',	65,	'2019-06-17',	NULL),
(41,	'kharnos@conecom.com',	NULL,	NULL,	'approved',	1,	0,	'2019-01-23',	26,	'2019-03-05',	NULL),
(42,	'cpugh@domzoom.com',	'Jennifer',	'Saylors',	'approved',	1,	0,	'2019-01-24',	14,	'2019-02-20',	NULL),
(43,	'msarao@newex.com',	'Delisa',	'Abdallah',	'rejected',	0,	1,	'2019-01-24',	NULL,	NULL,	NULL),
(44,	'afigeroa@labdrill.com',	NULL,	NULL,	'approved',	1,	0,	'2019-01-24',	53,	'2019-05-16',	NULL),
(45,	'hcallaro@cancity.com',	'Wynell',	'Candlish',	'approved',	1,	0,	'2019-01-25',	2,	'2019-02-04',	NULL),
(46,	'jblackwood@dambase.com',	'Britt',	'Rhym',	'rejected',	0,	1,	'2019-01-25',	NULL,	NULL,	NULL),
(47,	'ajuvera@groovestreet.com',	'Lavonna',	'Nicolozakes',	'rejected',	0,	1,	'2019-01-25',	NULL,	NULL,	NULL),
(48,	'ebowley@ganjaflex.com',	'Bette',	'Nachor',	'approved',	1,	0,	'2019-01-25',	62,	'2019-06-07',	NULL),
(49,	'estenseth@cancity.com',	NULL,	NULL,	'approved',	1,	0,	'2019-01-28',	27,	'2019-03-21',	NULL),
(50,	'esaylors@y-corporation.com',	'Kris',	'Pedrozo',	'approved',	1,	0,	'2019-01-28',	29,	'2019-03-19',	NULL),
(51,	'kweglarz@streethex.com',	'An',	'Dhamer',	'approved',	1,	0,	'2019-01-28',	12,	'2019-05-15',	NULL),
(52,	'hseewald@j-texon.com',	'Leonora',	'Motley',	'rejected',	0,	1,	'2019-01-29',	NULL,	NULL,	NULL),
(53,	'lpadilla@conecom.com',	'Howard',	'Lipke',	'approved',	1,	0,	'2019-01-29',	9,	'2019-02-19',	NULL),
(54,	'ccoody@sonron.com',	NULL,	NULL,	'approved',	1,	0,	'2019-01-30',	55,	'2019-05-17',	NULL),
(55,	'lwalthall@betasoloin.com',	'Jeanice',	'Heintzman',	'approved',	1,	0,	'2019-01-30',	NULL,	NULL,	NULL),
(56,	'elary@lexiqvolax.com',	'Daren',	'Montezuma',	'approved',	1,	0,	'2019-01-31',	NULL,	NULL,	NULL),
(57,	'jspickerman@y-corporation.com',	'Mitsue',	'Bilden',	'rejected',	0,	1,	'2019-01-31',	NULL,	NULL,	NULL),
(58,	'etromblay@toughzap.com',	'Christiane',	'Rentfro',	'approved',	1,	0,	'2019-02-01',	NULL,	NULL,	NULL),
(59,	'eadkin@stanredtax.com',	'Brittni',	'Boord',	'approved',	1,	0,	'2019-02-01',	19,	'2019-03-04',	NULL),
(60,	'snicka@year-job.com',	'Carlee',	'Jurney',	'approved',	1,	0,	'2019-02-01',	17,	'2019-02-15',	NULL),
(61,	'jblackwood@dambase.com',	'Estrella',	'Acey',	'approved',	1,	0,	'2019-02-04',	28,	'2019-04-09',	NULL),
(62,	'ckannady@dambase.com',	'Izetta',	'Batman',	'rejected',	0,	1,	'2019-02-04',	NULL,	NULL,	NULL),
(63,	'lpadilla@conecom.com',	'Shalon',	'Perruzza',	'approved',	1,	0,	'2019-02-04',	99,	'2019-08-22',	NULL),
(64,	'brhym@dambase.com',	'Matthew',	'Sawchuk',	'approved',	1,	0,	'2019-02-04',	199,	'2020-05-20',	NULL),
(65,	'bpoullion@opentech.com',	'Detra',	'Kohnert',	'approved',	1,	0,	'2019-02-05',	22,	'2019-02-21',	NULL),
(66,	'lsteffensmeier@gogozoom.com',	NULL,	NULL,	'rejected',	0,	1,	'2019-02-05',	NULL,	NULL,	NULL),
(67,	'msarao@newex.com',	'Yolando',	'Wieser',	'approved',	1,	0,	'2019-02-05',	66,	'2019-06-17',	NULL),
(68,	'ebowley@ganjaflex.com',	'Novella',	'Heintzman',	'approved',	1,	0,	'2019-02-06',	114,	'2019-10-21',	NULL),
(69,	'ttromblay@dontechi.com',	'Levi',	'Pagliuca',	'rejected',	0,	1,	'2019-02-06',	NULL,	NULL,	NULL),
(70,	'cpaulas@opentech.com',	'Delmy',	'Theodorov',	'rejected',	0,	1,	'2019-02-06',	NULL,	NULL,	NULL),
(71,	'lschoeneck@streethex.com',	NULL,	NULL,	'approved',	1,	0,	'2019-02-07',	35,	'2019-04-03',	NULL),
(72,	'bmastella@kan-code.com',	'Myra',	'Caudy',	'approved',	1,	0,	'2019-02-07',	NULL,	NULL,	NULL),
(73,	'rvanheusen@statholdings.com',	'Timothy',	'Aquas',	'approved',	1,	0,	'2019-02-08',	NULL,	NULL,	NULL),
(74,	'lbayless@sumace.com',	'Viola',	'Riden',	'approved',	1,	0,	'2019-02-08',	126,	'2019-11-05',	NULL),
(75,	'vknipp@year-job.com',	'Lezlie',	'Gabisi',	'approved',	1,	0,	'2019-02-08',	NULL,	NULL,	NULL),
(76,	'anievas@rangreen.com',	NULL,	NULL,	'approved',	1,	0,	'2019-02-11',	170,	'2020-02-20',	NULL),
(77,	'jkarpel@mathtouch.com',	'Tresa',	'Juvera',	'approved',	1,	0,	'2019-02-12',	68,	'2019-06-19',	NULL),
(78,	'msarao@newex.com',	'Aja',	'Vonasek',	'approved',	1,	0,	'2019-02-12',	77,	'2019-07-17',	NULL),
(79,	'ahoogland@y-corporation.com',	NULL,	NULL,	'approved',	1,	0,	'2019-02-12',	NULL,	NULL,	NULL),
(80,	'mhollack@scottech.com',	NULL,	NULL,	'rejected',	0,	1,	'2019-02-13',	NULL,	NULL,	NULL),
(81,	'wmeteer@domzoom.com',	'Kallie',	'Tollner',	'approved',	1,	0,	'2019-02-13',	168,	'2020-02-18',	NULL),
(82,	'chirpara@rantouch.com',	'Jamal',	'Sayaphon',	'rejected',	0,	1,	'2019-02-14',	NULL,	NULL,	NULL),
(83,	'clawler@dontechi.com',	'Alesia',	'Scriven',	'approved',	1,	0,	'2019-02-14',	NULL,	NULL,	NULL),
(84,	'hseewald@j-texon.com',	'Malcolm',	'Vocelka',	'approved',	1,	0,	'2019-02-15',	155,	'2019-12-31',	NULL),
(85,	'mreiber@scottech.com',	NULL,	NULL,	'approved',	1,	0,	'2019-02-15',	24,	'2019-02-26',	NULL),
(86,	'mbolognia@finjob.com',	'Carissa',	'Vonasek',	'approved',	1,	0,	'2019-02-15',	125,	'2019-11-26',	NULL),
(87,	'amiceli@blackzim.com',	'Keneth',	'Engelberg',	'rejected',	0,	1,	'2019-02-18',	NULL,	NULL,	NULL),
(88,	'kpedrozo@kan-code.com',	'Winfred',	'Daufeldt',	'approved',	1,	0,	'2019-02-18',	196,	'2020-05-01',	NULL),
(89,	'eadkin@stanredtax.com',	'Jeanice',	'Tjepkema',	'rejected',	0,	1,	'2019-02-18',	NULL,	NULL,	NULL),
(90,	'acoyier@hottechi.com',	'Rima',	'Corbley',	'approved',	1,	0,	'2019-02-18',	47,	'2019-05-03',	NULL),
(91,	'mreiber@scottech.com',	NULL,	NULL,	'approved',	1,	0,	'2019-02-19',	NULL,	NULL,	NULL),
(92,	'lpadilla@conecom.com',	NULL,	NULL,	'approved',	1,	0,	'2019-02-20',	NULL,	NULL,	NULL),
(93,	'egoldammer@scottech.com',	'Rikki',	'Sengbusch',	'approved',	1,	0,	'2019-02-20',	NULL,	NULL,	NULL),
(94,	'vknipp@year-job.com',	'Pete',	'Campain',	'approved',	1,	0,	'2019-02-21',	76,	'2019-08-16',	NULL),
(95,	'kharnos@conecom.com',	NULL,	NULL,	'approved',	1,	0,	'2019-02-21',	NULL,	NULL,	NULL),
(96,	'mbolognia@finjob.com',	'Virgie',	'Inouye',	'rejected',	0,	1,	'2019-02-21',	NULL,	NULL,	NULL),
(97,	'jmirafuentes@rangreen.com',	'Venita',	'Springe',	'approved',	1,	0,	'2019-02-22',	80,	'2019-07-18',	NULL),
(98,	'jpoquette@ron-tech.com',	'Carlee',	'Figeroa',	'approved',	1,	0,	'2019-02-22',	57,	'2019-05-23',	NULL),
(99,	'msetter@fasehatice.com',	'Alyce',	'Tawil',	'approved',	1,	0,	'2019-02-25',	146,	'2020-01-03',	NULL),
(100,	'lbayless@sumace.com',	'Kanisha',	'Lungren',	'approved',	1,	0,	'2019-02-25',	48,	'2019-05-02',	NULL),
(101,	'brhym@dambase.com',	'Leota',	'Estell',	'approved',	1,	0,	'2019-02-26',	25,	'2019-03-19',	NULL),
(102,	'esaylors@groovestreet.com',	NULL,	NULL,	'approved',	1,	0,	'2019-02-26',	NULL,	NULL,	NULL),
(103,	'dscipione@dambase.com',	'Stephen',	'Reiber',	'approved',	1,	0,	'2019-02-27',	NULL,	NULL,	NULL),
(104,	'aspickerman@green-plus.com',	'Oretha',	'Swayze',	'approved',	1,	0,	'2019-02-27',	69,	'2019-06-21',	NULL),
(105,	'jblackwood@dambase.com',	'Jacqueline',	'Hagele',	'rejected',	0,	1,	'2019-02-27',	NULL,	NULL,	NULL),
(106,	'egrenet@y-corporation.com',	'Stephen',	'Wide',	'rejected',	0,	1,	'2019-02-27',	NULL,	NULL,	NULL),
(107,	'adenooyer@kinnamplus.com',	'Dierdre',	'Schmaltz',	'approved',	1,	0,	'2019-02-28',	NULL,	NULL,	NULL),
(108,	'rhollack@plexzap.com',	'Bernardine',	'Mauson',	'rejected',	0,	1,	'2019-02-28',	NULL,	NULL,	NULL),
(109,	'tkines@sumace.com',	'Danica',	'Loder',	'rejected',	0,	1,	'2019-02-28',	NULL,	NULL,	NULL),
(110,	'adenooyer@kinnamplus.com',	NULL,	NULL,	'approved',	1,	0,	'2019-03-01',	39,	'2019-04-12',	NULL),
(111,	'ggalam@ron-tech.com',	'Nicolette',	'Samara',	'approved',	1,	0,	'2019-03-01',	33,	'2019-04-25',	NULL),
(112,	'esaylors@y-corporation.com',	'Elvera',	'Isenhower',	'approved',	1,	0,	'2019-03-01',	NULL,	NULL,	NULL),
(113,	'troyster@kan-code.com',	'Zona',	'Lacovara',	'approved',	1,	0,	'2019-03-04',	36,	'2019-04-04',	NULL),
(114,	'vknipp@year-job.com',	NULL,	NULL,	'approved',	1,	0,	'2019-03-04',	108,	'2019-09-16',	NULL),
(115,	'brhym@dambase.com',	'Delmy',	'Claucherty',	'rejected',	0,	1,	'2019-03-05',	NULL,	NULL,	NULL),
(116,	'lmonarrez@goodsilron.com',	'Chaya',	'Cloney',	'approved',	1,	0,	'2019-03-05',	197,	'2020-04-24',	NULL),
(117,	'clawler@dontechi.com',	'Kimbery',	'Bourbon',	'approved',	1,	0,	'2019-03-05',	NULL,	NULL,	NULL),
(118,	'lmonarrez@goodsilron.com',	'Lai',	'Juvera',	'rejected',	0,	1,	'2019-03-05',	NULL,	NULL,	NULL),
(119,	'amiceli@blackzim.com',	'Freeman',	'Berlanga',	'approved',	1,	0,	'2019-03-06',	NULL,	NULL,	NULL),
(120,	'dturinetti@doncon.com',	'Oretha',	'Acey',	'pending approval',	0,	0,	'2019-03-06',	NULL,	NULL,	NULL),
(121,	'szepp@dalttechnology.com',	'Thurman',	'Saylors',	'approved',	1,	0,	'2019-03-06',	71,	'2019-07-05',	NULL),
(122,	'lkarpel@nam-zim.com',	'Sabra',	'Sweigard',	'approved',	1,	0,	'2019-03-06',	NULL,	NULL,	NULL),
(123,	'mbolognia@finjob.com',	'Shenika',	'Gibes',	'approved',	1,	0,	'2019-03-07',	NULL,	NULL,	NULL),
(124,	'awildfong@conecom.com',	NULL,	NULL,	'approved',	1,	0,	'2019-03-07',	41,	'2019-04-16',	NULL),
(125,	'tkines@sumace.com',	'Lonna',	'Biddy',	'approved',	1,	0,	'2019-03-07',	NULL,	NULL,	NULL),
(126,	'loldroyd@hottechi.com',	NULL,	NULL,	'approved',	1,	0,	'2019-03-07',	NULL,	NULL,	NULL),
(127,	'jbuvens@plusstrip.com',	'Wilda',	'Butt',	'rejected',	0,	1,	'2019-03-08',	NULL,	NULL,	NULL),
(128,	'dscipione@dambase.com',	'Regenia',	'Ostrosky',	'approved',	1,	0,	'2019-03-08',	70,	'2019-07-24',	NULL),
(129,	'smeteer@dalttechnology.com',	'Joni',	'Neither',	'approved',	1,	0,	'2019-03-08',	156,	'2020-01-03',	NULL),
(130,	'mhollack@scottech.com',	NULL,	NULL,	'rejected',	0,	1,	'2019-03-11',	NULL,	NULL,	NULL),
(131,	'mbolognia@finjob.com',	NULL,	NULL,	'approved',	1,	0,	'2019-03-11',	94,	'2019-08-15',	NULL),
(132,	'lmunns@toughzap.com',	NULL,	NULL,	'approved',	1,	0,	'2019-03-11',	NULL,	NULL,	NULL),
(133,	'cpugh@domzoom.com',	NULL,	NULL,	'approved',	1,	0,	'2019-03-12',	102,	'2019-08-30',	NULL),
(134,	'jmirafuentes@rangreen.com',	'Louisa',	'Caiafa',	'approved',	1,	0,	'2019-03-12',	87,	'2019-08-06',	NULL),
(135,	'lflister@hottechi.com',	'Annelle',	'Keener',	'approved',	1,	0,	'2019-03-13',	NULL,	NULL,	NULL),
(136,	'lmorocco@year-job.com',	'Lonna',	'Venere',	'approved',	1,	0,	'2019-03-13',	109,	'2019-09-20',	NULL),
(137,	'loldroyd@hottechi.com',	'Ashlyn',	'Walthall',	'approved',	1,	0,	'2019-03-13',	221,	'2020-06-22',	NULL),
(138,	'hseewald@j-texon.com',	NULL,	NULL,	'rejected',	0,	1,	'2019-03-14',	NULL,	NULL,	NULL),
(139,	'chirpara@rantouch.com',	NULL,	NULL,	'approved',	1,	0,	'2019-03-14',	73,	'2019-07-09',	NULL),
(140,	'agillaspie@golddex.com',	NULL,	NULL,	'approved',	1,	0,	'2019-03-14',	34,	'2019-04-22',	NULL),
(141,	'dgellinger@dambase.com',	'Tarra',	'Wiklund',	'approved',	1,	0,	'2019-03-15',	37,	'2019-04-05',	NULL),
(142,	'ccoody@sonron.com',	NULL,	NULL,	'rejected',	0,	1,	'2019-03-15',	NULL,	NULL,	NULL),
(143,	'kweglarz@streethex.com',	NULL,	NULL,	'approved',	1,	0,	'2019-03-18',	49,	'2019-06-18',	NULL),
(144,	'kharnos@conecom.com',	NULL,	NULL,	'approved',	1,	0,	'2019-03-18',	NULL,	NULL,	NULL),
(145,	'cpagliuca@betasoloin.com',	'Caitlin',	'Lacovara',	'approved',	1,	0,	'2019-03-18',	149,	'2019-12-19',	NULL),
(146,	'lkippley@golddex.com',	'Natalie',	'Acey',	'approved',	1,	0,	'2019-03-18',	59,	'2019-06-03',	NULL),
(147,	'vkeener@kan-code.com',	'Olive',	'Farrow',	'rejected',	0,	1,	'2019-03-19',	NULL,	NULL,	NULL),
(148,	'aostolaza@finjob.com',	NULL,	NULL,	'approved',	1,	0,	'2019-03-19',	86,	'2019-09-09',	NULL),
(149,	'mreitler@fasehatice.com',	NULL,	NULL,	'approved',	1,	0,	'2019-03-19',	NULL,	NULL,	NULL),
(150,	'oflosi@betatech.com',	'Abel',	'Modzelewski',	'approved',	1,	0,	'2019-03-19',	NULL,	NULL,	NULL),
(151,	'brestrepo@xx-holding.com',	'Krissy',	'Hochard',	'rejected',	0,	1,	'2019-03-20',	NULL,	NULL,	NULL),
(152,	'mbolognia@finjob.com',	NULL,	NULL,	'rejected',	0,	1,	'2019-03-20',	NULL,	NULL,	NULL),
(153,	'amiceli@blackzim.com',	'Rebecka',	'Meteer',	'rejected',	0,	1,	'2019-03-20',	NULL,	NULL,	NULL),
(154,	'acoyier@hottechi.com',	'Graciela',	'Baltimore',	'rejected',	0,	1,	'2019-03-20',	NULL,	NULL,	NULL),
(155,	'yisenhower@dambase.com',	'Ty',	'Papasergi',	'approved',	1,	0,	'2019-03-21',	NULL,	NULL,	NULL),
(156,	'jbuvens@plusstrip.com',	NULL,	NULL,	'rejected',	0,	1,	'2019-03-21',	NULL,	NULL,	NULL),
(157,	'whamilton@opentech.com',	'Chantell',	'Monterrubio',	'approved',	1,	0,	'2019-03-22',	NULL,	NULL,	NULL),
(158,	'lmonarrez@goodsilron.com',	'Ronny',	'Strassner',	'approved',	1,	0,	'2019-03-22',	42,	'2019-05-23',	NULL),
(159,	'chirpara@rantouch.com',	'Felicidad',	'Hoffis',	'rejected',	0,	1,	'2019-03-25',	NULL,	NULL,	NULL),
(160,	'jacey@inity.com',	'Sharen',	'Gibes',	'approved',	1,	0,	'2019-03-25',	NULL,	NULL,	NULL),
(161,	'lstockham@j-texon.com',	'Sharee',	'Gudroe',	'approved',	1,	0,	'2019-03-26',	58,	'2019-06-25',	NULL),
(162,	'lwalthall@betasoloin.com',	'Latrice',	'Vizarro',	'approved',	1,	0,	'2019-03-26',	157,	'2020-01-02',	NULL),
(163,	'mskulski@sumace.com',	'Dean',	'Gellinger',	'approved',	1,	0,	'2019-03-26',	81,	'2019-07-22',	NULL),
(164,	'ehirpara@sunnamplex.com',	'An',	'Miceli',	'approved',	1,	0,	'2019-03-27',	151,	'2019-12-25',	NULL),
(165,	'aspickerman@green-plus.com',	NULL,	NULL,	'approved',	1,	0,	'2019-03-27',	200,	'2020-05-12',	NULL),
(166,	'lnunlee@ron-tech.com',	'Caitlin',	'Theodorov',	'rejected',	0,	1,	'2019-03-28',	NULL,	NULL,	NULL),
(167,	'rhollack@plexzap.com',	'Minna',	'Blunk',	'approved',	1,	0,	'2019-03-28',	74,	'2019-08-16',	NULL),
(168,	'aspickerman@green-plus.com',	'Jacqueline',	'Korando',	'approved',	1,	0,	'2019-03-28',	64,	'2019-06-13',	NULL),
(169,	'bdiestel@condax.com',	NULL,	NULL,	'approved',	1,	0,	'2019-03-28',	88,	'2019-08-01',	NULL),
(170,	'esaylors@groovestreet.com',	'Amber',	'Bubash',	'approved',	1,	0,	'2019-03-29',	216,	'2020-06-11',	NULL),
(171,	'acoyier@hottechi.com',	'Jolene',	'Tomasulo',	'approved',	1,	0,	'2019-03-29',	NULL,	NULL,	NULL),
(172,	'etromblay@toughzap.com',	'Jacqueline',	'Nicolozakes',	'approved',	1,	0,	'2019-03-29',	NULL,	NULL,	NULL),
(173,	'hgwalthney@funholding.com',	'Georgene',	'Neither',	'approved',	1,	0,	'2019-04-01',	44,	'2019-04-19',	NULL),
(174,	'aoles@bioplex.com',	'Rodolfo',	'Canlas',	'approved',	1,	0,	'2019-04-01',	NULL,	NULL,	NULL),
(175,	'aacey@dontechi.com',	'Helga',	'Gwalthney',	'rejected',	0,	1,	'2019-04-01',	NULL,	NULL,	NULL),
(176,	'xdubaldi@iselectrics.com',	'My',	'Farrow',	'approved',	1,	0,	'2019-04-02',	110,	'2019-09-30',	NULL),
(177,	'mhollack@scottech.com',	'Lenna',	'Ventura',	'approved',	1,	0,	'2019-04-02',	54,	'2019-05-17',	NULL),
(178,	'ndenooyer@statholdings.com',	'Ligia',	'Baltimore',	'rejected',	0,	1,	'2019-04-03',	NULL,	NULL,	NULL),
(179,	'lflister@hottechi.com',	'Judy',	'Konopacki',	'approved',	1,	0,	'2019-04-03',	61,	'2019-06-14',	NULL),
(180,	'lbayless@sumace.com',	'Nichelle',	'Cookey',	'approved',	1,	0,	'2019-04-04',	103,	'2019-09-03',	NULL),
(181,	'acoyier@hottechi.com',	NULL,	NULL,	'approved',	1,	0,	'2019-04-04',	129,	'2019-11-12',	NULL),
(182,	'mhollack@scottech.com',	'Lenna',	'Saulter',	'approved',	1,	0,	'2019-04-05',	NULL,	NULL,	NULL),
(183,	'esaylors@y-corporation.com',	'Nana',	'Nabours',	'approved',	1,	0,	'2019-04-05',	45,	'2019-05-03',	NULL),
(184,	'mreiber@scottech.com',	NULL,	NULL,	'approved',	1,	0,	'2019-04-08',	123,	'2019-10-28',	NULL),
(185,	'kcraghead@sumace.com',	'Gregoria',	'Sweigard',	'approved',	1,	0,	'2019-04-08',	138,	'2019-11-22',	NULL),
(186,	'kharnos@conecom.com',	'Regenia',	'Garufi',	'approved',	1,	0,	'2019-04-09',	159,	'2020-01-08',	NULL),
(187,	'traymo@scotfind.com',	'Skye',	'Regusters',	'approved',	1,	0,	'2019-04-09',	NULL,	NULL,	NULL),
(188,	'cbourbon@betasoloin.com',	NULL,	NULL,	'approved',	1,	0,	'2019-04-09',	174,	'2020-03-05',	NULL),
(189,	'rgarufi@bioplex.com',	'Larae',	'Scheyer',	'approved',	1,	0,	'2019-04-10',	NULL,	NULL,	NULL),
(190,	'lstockham@j-texon.com',	'Fletcher',	'Eroman',	'rejected',	0,	1,	'2019-04-10',	NULL,	NULL,	NULL),
(191,	'ahoogland@y-corporation.com',	'Truman',	'Rhoden',	'approved',	1,	0,	'2019-04-10',	122,	'2019-10-18',	NULL),
(192,	'hgwalthney@funholding.com',	'Tawna',	'Wildfong',	'approved',	1,	0,	'2019-04-11',	89,	'2019-08-02',	NULL),
(193,	'mreiber@scottech.com',	NULL,	NULL,	'pending approval',	0,	0,	'2019-04-11',	NULL,	NULL,	NULL),
(194,	'adenooyer@kinnamplus.com',	NULL,	NULL,	'approved',	1,	0,	'2019-04-11',	101,	'2019-08-29',	NULL),
(195,	'dstoltzman@condax.com',	'Louvenia',	'Burnard',	'approved',	1,	0,	'2019-04-12',	NULL,	NULL,	NULL),
(196,	'nhaufler@zencorporation.com',	'Fatima',	'Hoa',	'approved',	1,	0,	'2019-04-12',	131,	'2019-11-19',	NULL),
(197,	'kweglarz@streethex.com',	'Izetta',	'Restrepo',	'approved',	1,	0,	'2019-04-12',	52,	'2019-05-16',	NULL),
(198,	'awildfong@conecom.com',	'France',	'Delasancha',	'approved',	1,	0,	'2019-04-15',	173,	'2020-03-03',	NULL),
(199,	'kmyricks@groovestreet.com',	'Tiera',	'Louissant',	'approved',	1,	0,	'2019-04-15',	128,	'2019-11-13',	NULL),
(200,	'jlueckenbach@plussunin.com',	'Cecily',	'Andreason',	'rejected',	0,	1,	'2019-04-16',	NULL,	NULL,	NULL),
(201,	'vkeener@kan-code.com',	'Xochitl',	'Dallen',	'approved',	1,	0,	'2019-04-16',	97,	'2019-08-20',	NULL),
(202,	'nhaufler@zencorporation.com',	'Christiane',	'Vizarro',	'approved',	1,	0,	'2019-04-17',	NULL,	NULL,	NULL),
(203,	'agillaspie@golddex.com',	'Tiffiny',	'Staback',	'approved',	1,	0,	'2019-04-17',	90,	'2019-09-05',	NULL),
(204,	'ndenooyer@statholdings.com',	'Paris',	'Wolfgramm',	'rejected',	0,	1,	'2019-04-18',	NULL,	NULL,	NULL),
(205,	'jbuvens@plusstrip.com',	'Raylene',	'Buzick',	'approved',	1,	0,	'2019-04-18',	209,	'2020-06-02',	NULL),
(206,	'jpoquette@ron-tech.com',	'Beatriz',	'Grenet',	'approved',	1,	0,	'2019-04-18',	120,	'2019-10-15',	NULL),
(207,	'kpatak@groovestreet.com',	'Elvera',	'Hirpara',	'rejected',	0,	1,	'2019-04-19',	NULL,	NULL,	NULL),
(208,	'yisenhower@dambase.com',	NULL,	NULL,	'approved',	1,	0,	'2019-04-19',	NULL,	NULL,	NULL),
(209,	'kbenimadho@donquadtech.com',	'Jettie',	'Treston',	'approved',	1,	0,	'2019-04-19',	67,	'2019-09-05',	NULL),
(210,	'lflister@hottechi.com',	'Lauran',	'Lipke',	'approved',	1,	0,	'2019-04-22',	NULL,	NULL,	NULL),
(211,	'amiceli@blackzim.com',	NULL,	NULL,	'approved',	1,	0,	'2019-04-22',	NULL,	NULL,	NULL),
(212,	'ldevreese@sonron.com',	'Linn',	'Borgman',	'approved',	1,	0,	'2019-04-23',	NULL,	NULL,	NULL),
(213,	'esaylors@groovestreet.com',	'Angella',	'Patak',	'approved',	1,	0,	'2019-04-23',	NULL,	NULL,	NULL),
(214,	'cpugh@domzoom.com',	'Mitsue',	'Kolmetz',	'rejected',	0,	1,	'2019-04-24',	NULL,	NULL,	NULL),
(215,	'ckippley@plussunin.com',	'Staci',	'Hengel',	'rejected',	0,	1,	'2019-04-24',	NULL,	NULL,	NULL),
(216,	'icaldarera@yearin.com',	'Roosevelt',	'Hirpara',	'approved',	1,	0,	'2019-04-25',	127,	'2019-11-08',	NULL),
(217,	'rgarufi@bioplex.com',	'Jovita',	'Tomblin',	'approved',	1,	0,	'2019-04-25',	198,	'2020-05-01',	NULL),
(218,	'lnunlee@ron-tech.com',	'Raymon',	'Auber',	'approved',	1,	0,	'2019-04-25',	NULL,	NULL,	NULL),
(219,	'kharnos@conecom.com',	'Nicolette',	'Weight',	'approved',	1,	0,	'2019-04-26',	51,	'2019-05-13',	NULL),
(220,	'anievas@rangreen.com',	'Lettie',	'Yum',	'approved',	1,	0,	'2019-04-29',	116,	'2019-10-10',	NULL),
(221,	'lflister@hottechi.com',	'Sharee',	'Ventura',	'approved',	1,	0,	'2019-04-29',	NULL,	NULL,	NULL),
(222,	'kbenimadho@donquadtech.com',	'Venita',	'Beech',	'approved',	1,	0,	'2019-04-29',	175,	'2020-03-05',	NULL),
(223,	'xdubaldi@iselectrics.com',	'Kerry',	'Lipke',	'approved',	1,	0,	'2019-04-30',	150,	'2019-12-26',	NULL),
(224,	'ttromblay@dontechi.com',	'Elli',	'Dilliard',	'approved',	1,	0,	'2019-04-30',	NULL,	NULL,	NULL),
(225,	'esaylors@y-corporation.com',	NULL,	NULL,	'approved',	1,	0,	'2019-04-30',	79,	'2019-07-17',	NULL),
(226,	'ladkin@domzoom.com',	'Talia',	'Tolfree',	'approved',	1,	0,	'2019-05-01',	NULL,	NULL,	NULL),
(227,	'snicka@year-job.com',	'Karan',	'Bilden',	'approved',	1,	0,	'2019-05-01',	100,	'2019-09-04',	NULL),
(228,	'lkippley@golddex.com',	'Laurel',	'Stockham',	'approved',	1,	0,	'2019-05-01',	43,	'2019-06-10',	NULL),
(229,	'xdubaldi@iselectrics.com',	'Levi',	'Haufler',	'approved',	1,	0,	'2019-05-02',	NULL,	NULL,	NULL),
(230,	'lkippley@golddex.com',	'Dalene',	'Pelkowski',	'approved',	1,	0,	'2019-05-02',	85,	'2019-07-25',	NULL),
(231,	'ncartan@statholdings.com',	'Beatriz',	'Montezuma',	'approved',	1,	0,	'2019-05-03',	NULL,	NULL,	NULL),
(232,	'kharnos@conecom.com',	'Rickie',	'Aquas',	'approved',	1,	0,	'2019-05-03',	104,	'2019-09-06',	NULL),
(233,	'rvanheusen@statholdings.com',	'Kallie',	'Strassner',	'approved',	1,	0,	'2019-05-06',	NULL,	NULL,	NULL),
(234,	'bdiestel@condax.com',	'Skye',	'Chaffins',	'approved',	1,	0,	'2019-05-06',	NULL,	NULL,	NULL),
(235,	'esaylors@groovestreet.com',	'Thaddeus',	'Hughey',	'approved',	1,	0,	'2019-05-06',	NULL,	NULL,	NULL),
(236,	'xdubaldi@iselectrics.com',	'Detra',	'Rim',	'rejected',	0,	1,	'2019-05-07',	NULL,	NULL,	NULL),
(237,	'rvanheusen@statholdings.com',	'Antione',	'Tomblin',	'rejected',	0,	1,	'2019-05-07',	NULL,	NULL,	NULL),
(238,	'trulapaugh@yearin.com',	NULL,	NULL,	'approved',	1,	0,	'2019-05-07',	NULL,	NULL,	NULL),
(239,	'bflosi@ganjaflex.com',	'Ceola',	'Lace',	'rejected',	0,	1,	'2019-05-08',	NULL,	NULL,	NULL),
(240,	'jlueckenbach@plussunin.com',	'Novella',	'Hirpara',	'approved',	1,	0,	'2019-05-08',	NULL,	NULL,	NULL),
(241,	'cfelger@stanredtax.com',	'Detra',	'Lace',	'approved',	1,	0,	'2019-05-09',	72,	'2019-09-27',	NULL),
(242,	'ldevreese@sonron.com',	'Merlyn',	'Oldroyd',	'approved',	1,	0,	'2019-05-09',	31,	'2019-06-11',	NULL),
(243,	'ccoody@sonron.com',	'Rikki',	'Hollack',	'approved',	1,	0,	'2019-05-10',	NULL,	NULL,	NULL),
(244,	'rhollack@plexzap.com',	'Quentin',	'Wildfong',	'pending approval',	0,	0,	'2019-05-10',	NULL,	NULL,	NULL),
(245,	'cmorasca@ganjaflex.com',	'Sabra',	'Dilliard',	'rejected',	0,	1,	'2019-05-10',	NULL,	NULL,	NULL),
(246,	'ltheodorov@opentech.com',	'Lizbeth',	'Cronauer',	'rejected',	0,	1,	'2019-05-10',	NULL,	NULL,	NULL),
(247,	'msarao@newex.com',	'Meaghan',	'Samu',	'approved',	1,	0,	'2019-05-13',	78,	'2019-07-16',	NULL),
(248,	'smeteer@dalttechnology.com',	'Fatima',	'Berlanga',	'approved',	1,	0,	'2019-05-13',	83,	'2019-08-02',	NULL),
(249,	'ahoogland@y-corporation.com',	NULL,	NULL,	'approved',	1,	0,	'2019-05-14',	NULL,	NULL,	NULL),
(250,	'cbourbon@betasoloin.com',	'Leslie',	'Papasergi',	'approved',	1,	0,	'2019-05-15',	NULL,	NULL,	NULL),
(251,	'rhollack@plexzap.com',	'Regenia',	'Perez',	'pending approval',	0,	0,	'2019-05-15',	NULL,	NULL,	NULL),
(252,	'brestrepo@xx-holding.com',	'Heike',	'Asar',	'rejected',	0,	1,	'2019-05-16',	NULL,	NULL,	NULL),
(253,	'lsteffensmeier@gogozoom.com',	'Bette',	'Diestel',	'rejected',	0,	1,	'2019-05-16',	NULL,	NULL,	NULL),
(254,	'ehirpara@sunnamplex.com',	'Denise',	'Frankel',	'approved',	1,	0,	'2019-05-16',	NULL,	NULL,	NULL),
(255,	'mhoopengardner@xx-holding.com',	NULL,	NULL,	'approved',	1,	0,	'2019-05-17',	63,	'2019-06-17',	NULL),
(256,	'egrenet@y-corporation.com',	'Fatima',	'Chesterfield',	'approved',	1,	0,	'2019-05-17',	NULL,	NULL,	NULL),
(257,	'jmirafuentes@rangreen.com',	NULL,	NULL,	'approved',	1,	0,	'2019-05-17',	NULL,	NULL,	NULL),
(258,	'esaylors@y-corporation.com',	'Marjory',	'Burnard',	'rejected',	0,	1,	'2019-05-20',	NULL,	NULL,	NULL),
(259,	'acoyier@hottechi.com',	'Tiera',	'Toelkes',	'approved',	1,	0,	'2019-05-20',	115,	'2019-10-09',	NULL),
(260,	'bmastella@kan-code.com',	'Sheron',	'Paa',	'approved',	1,	0,	'2019-05-20',	211,	'2020-06-03',	NULL),
(261,	'traymo@scotfind.com',	'Reena',	'Lukasik',	'rejected',	0,	1,	'2019-05-21',	NULL,	NULL,	NULL),
(262,	'dturinetti@doncon.com',	'Van',	'Degonia',	'approved',	1,	0,	'2019-05-22',	NULL,	NULL,	NULL),
(263,	'ltheodorov@opentech.com',	'Bok',	'Ferrario',	'approved',	1,	0,	'2019-05-22',	NULL,	NULL,	NULL),
(264,	'elary@lexiqvolax.com',	'Carissa',	'Coody',	'approved',	1,	0,	'2019-05-22',	NULL,	NULL,	NULL),
(265,	'woles@codehow.com',	'Jerry',	'Nestle',	'rejected',	0,	1,	'2019-05-23',	NULL,	NULL,	NULL),
(266,	'mskulski@sumace.com',	'Felix',	'Storment',	'approved',	1,	0,	'2019-05-24',	NULL,	NULL,	NULL),
(267,	'vlouissant@sunnamplex.com',	'Franklyn',	'Nachor',	'approved',	1,	0,	'2019-05-24',	93,	'2019-08-09',	NULL),
(268,	'trulapaugh@yearin.com',	'Refugia',	'Sweely',	'approved',	1,	0,	'2019-05-27',	NULL,	NULL,	NULL),
(269,	'cmorasca@ganjaflex.com',	'Xuan',	'Dubaldi',	'approved',	1,	0,	'2019-05-27',	107,	'2019-09-11',	NULL),
(270,	'dkines@betatech.com',	'Lai',	'Manno',	'approved',	1,	0,	'2019-05-28',	NULL,	NULL,	NULL),
(271,	'cscipione@kan-code.com',	'Annabelle',	'Harnos',	'approved',	1,	0,	'2019-05-28',	NULL,	NULL,	NULL),
(272,	'msetter@fasehatice.com',	'Izetta',	'Thyberg',	'approved',	1,	0,	'2019-05-28',	NULL,	NULL,	NULL),
(273,	'cpugh@domzoom.com',	'Mitsue',	'Kitzman',	'approved',	1,	0,	'2019-05-29',	92,	'2019-08-08',	NULL),
(274,	'kbenimadho@donquadtech.com',	'Merlyn',	'Sturiale',	'approved',	1,	0,	'2019-05-29',	NULL,	NULL,	NULL),
(275,	'msarao@newex.com',	NULL,	NULL,	'approved',	1,	0,	'2019-05-29',	96,	'2019-08-19',	NULL),
(276,	'jdiscipio@singletechno.com',	'Gail',	'Buzick',	'approved',	1,	0,	'2019-05-29',	106,	'2019-10-09',	NULL),
(277,	'aspickerman@green-plus.com',	'Art',	'Gellinger',	'approved',	1,	0,	'2019-05-30',	NULL,	NULL,	NULL),
(278,	'elary@lexiqvolax.com',	'Dean',	'Luczki',	'approved',	1,	0,	'2019-05-30',	NULL,	NULL,	NULL),
(279,	'lsteffensmeier@gogozoom.com',	NULL,	NULL,	'rejected',	0,	1,	'2019-05-31',	NULL,	NULL,	NULL),
(280,	'liturbide@dontechi.com',	'Alline',	'Gillaspie',	'pending approval',	0,	0,	'2019-05-31',	NULL,	NULL,	NULL),
(281,	'ghalter@konmatfix.com',	NULL,	NULL,	'rejected',	0,	1,	'2019-05-31',	NULL,	NULL,	NULL),
(282,	'lharabedian@plussunin.com',	'Hubert',	'Royster',	'approved',	1,	0,	'2019-05-31',	NULL,	NULL,	NULL),
(283,	'aoles@bioplex.com',	'Xochitl',	'Heintzman',	'approved',	1,	0,	'2019-06-03',	NULL,	NULL,	NULL),
(284,	'elary@lexiqvolax.com',	'Deonna',	'Gwalthney',	'approved',	1,	0,	'2019-06-03',	NULL,	NULL,	NULL),
(285,	'mskulski@sumace.com',	'Carissa',	'Pelkowski',	'approved',	1,	0,	'2019-06-04',	130,	'2019-12-11',	NULL),
(286,	'jkarpel@mathtouch.com',	'Cecily',	'Newville',	'rejected',	0,	1,	'2019-06-04',	NULL,	NULL,	NULL),
(287,	'egoldammer@scottech.com',	'Elvera',	'Craghead',	'approved',	1,	0,	'2019-06-05',	NULL,	NULL,	NULL),
(288,	'loldroyd@hottechi.com',	'Marjory',	'Hoffis',	'approved',	1,	0,	'2019-06-05',	NULL,	NULL,	NULL),
(289,	'lharabedian@plussunin.com',	'Derick',	'Lace',	'rejected',	0,	1,	'2019-06-06',	NULL,	NULL,	NULL),
(290,	'arulapaugh@zencorporation.com',	'Delisa',	'Angalich',	'approved',	1,	0,	'2019-06-07',	124,	'2019-11-11',	NULL),
(291,	'lnunlee@ron-tech.com',	'Krissy',	'Harabedian',	'approved',	1,	0,	'2019-06-07',	NULL,	NULL,	NULL),
(292,	'yisenhower@dambase.com',	'Elke',	'Bourbon',	'approved',	1,	0,	'2019-06-07',	117,	'2019-11-14',	NULL),
(293,	'snicka@year-job.com',	'Howard',	'Kalafatis',	'approved',	1,	0,	'2019-06-07',	148,	'2019-12-17',	NULL),
(294,	'cperruzza@doncon.com',	NULL,	NULL,	'approved',	1,	0,	'2019-06-10',	105,	'2019-10-02',	NULL),
(295,	'lflister@hottechi.com',	NULL,	NULL,	'pending approval',	0,	0,	'2019-06-10',	NULL,	NULL,	NULL),
(296,	'elary@lexiqvolax.com',	'Rolland',	'Maynerich',	'pending approval',	0,	0,	'2019-06-10',	NULL,	NULL,	NULL),
(297,	'jmirafuentes@rangreen.com',	'Simona',	'Andreason',	'approved',	1,	0,	'2019-06-11',	NULL,	NULL,	NULL),
(298,	'cmorasca@ganjaflex.com',	'Alline',	'Andreason',	'rejected',	0,	1,	'2019-06-11',	NULL,	NULL,	NULL),
(299,	'creitler@silis.com',	'Timothy',	'Degroot',	'approved',	1,	0,	'2019-06-11',	NULL,	NULL,	NULL),
(300,	'wstockham@zotware.com',	'Britt',	'Tolfree',	'approved',	1,	0,	'2019-06-12',	82,	'2019-07-23',	NULL),
(301,	'ebowley@ganjaflex.com',	'Olive',	'Flosi',	'approved',	1,	0,	'2019-06-12',	210,	'2020-06-03',	NULL),
(302,	'esaylors@y-corporation.com',	NULL,	NULL,	'approved',	1,	0,	'2019-06-13',	134,	'2019-11-22',	NULL),
(303,	'cmorasca@ganjaflex.com',	'Shawnda',	'Wieser',	'approved',	1,	0,	'2019-06-13',	219,	'2020-06-17',	NULL),
(304,	'egrenet@y-corporation.com',	'Ashlyn',	'Hauenstein',	'approved',	1,	0,	'2019-06-14',	84,	'2019-07-24',	NULL),
(305,	'brestrepo@xx-holding.com',	'Lenna',	'Breland',	'approved',	1,	0,	'2019-06-14',	119,	'2019-10-11',	NULL),
(306,	'lsteffensmeier@gogozoom.com',	NULL,	NULL,	'approved',	1,	0,	'2019-06-17',	NULL,	NULL,	NULL),
(307,	'jacey@inity.com',	NULL,	NULL,	'approved',	1,	0,	'2019-06-17',	165,	'2020-02-05',	NULL),
(308,	'ladkin@domzoom.com',	'Penney',	'Rhymes',	'approved',	1,	0,	'2019-06-18',	145,	'2019-12-11',	NULL),
(309,	'rbourbon@lexiqvolax.com',	'Jolanda',	'Mirafuentes',	'approved',	1,	0,	'2019-06-18',	118,	'2019-10-11',	NULL),
(310,	'woles@codehow.com',	'Cassi',	'Grenet',	'approved',	1,	0,	'2019-06-18',	NULL,	NULL,	NULL),
(311,	'tkines@sumace.com',	NULL,	NULL,	'approved',	1,	0,	'2019-06-18',	NULL,	NULL,	NULL),
(312,	'msetter@fasehatice.com',	'Kate',	'Acuff',	'pending approval',	0,	0,	'2019-06-19',	NULL,	NULL,	NULL),
(313,	'lflister@hottechi.com',	NULL,	NULL,	'approved',	1,	0,	'2019-06-19',	140,	'2019-12-03',	NULL),
(314,	'msetter@fasehatice.com',	'Barrett',	'Pelkowski',	'approved',	1,	0,	'2019-06-20',	154,	'2020-01-09',	NULL),
(315,	'cpugh@domzoom.com',	'Jina',	'Venere',	'approved',	1,	0,	'2019-06-20',	NULL,	NULL,	NULL),
(316,	'wstockham@zotware.com',	'Haydee',	'Vonasek',	'rejected',	0,	1,	'2019-06-21',	NULL,	NULL,	NULL),
(317,	'lharoldson@rangreen.com',	'Melodie',	'Oldroyd',	'approved',	1,	0,	'2019-06-21',	NULL,	NULL,	NULL),
(318,	'tkines@sumace.com',	'Mattie',	'Lawler',	'rejected',	0,	1,	'2019-06-21',	NULL,	NULL,	NULL),
(319,	'eadkin@stanredtax.com',	'Youlanda',	'Mconnell',	'pending approval',	0,	0,	'2019-06-24',	NULL,	NULL,	NULL),
(320,	'lharabedian@plussunin.com',	'Erinn',	'Stenseth',	'rejected',	0,	1,	'2019-06-24',	NULL,	NULL,	NULL),
(321,	'yisenhower@dambase.com',	NULL,	NULL,	'approved',	1,	0,	'2019-06-24',	NULL,	NULL,	NULL),
(322,	'icaldarera@yearin.com',	NULL,	NULL,	'approved',	1,	0,	'2019-06-25',	161,	'2020-01-22',	NULL),
(323,	'bdiestel@condax.com',	'Paris',	'Yum',	'approved',	1,	0,	'2019-06-25',	NULL,	NULL,	NULL),
(324,	'rauber@dambase.com',	'Hillary',	'Stuer',	'rejected',	0,	1,	'2019-06-26',	NULL,	NULL,	NULL),
(325,	'aboord@faxquote.com',	'Krissy',	'Hellickson',	'approved',	1,	0,	'2019-06-26',	98,	'2019-08-21',	NULL),
(326,	'hseewald@j-texon.com',	'Erinn',	'Biddy',	'approved',	1,	0,	'2019-06-26',	NULL,	NULL,	NULL),
(327,	'icaldarera@yearin.com',	'Mari',	'Arceo',	'approved',	1,	0,	'2019-06-27',	NULL,	NULL,	NULL),
(328,	'lkippley@golddex.com',	'Tegan',	'Mconnell',	'approved',	1,	0,	'2019-06-27',	NULL,	NULL,	NULL),
(329,	'lbayless@sumace.com',	'Regenia',	'Sarbacher',	'pending approval',	0,	0,	'2019-06-28',	NULL,	NULL,	NULL),
(330,	'wstockham@zotware.com',	'Youlanda',	'Lother',	'rejected',	0,	1,	'2019-06-28',	NULL,	NULL,	NULL),
(331,	'esaylors@groovestreet.com',	'Lashaunda',	'Harabedian',	'approved',	1,	0,	'2019-07-01',	NULL,	NULL,	NULL),
(332,	'jacey@inity.com',	'Stevie',	'Hamilton',	'approved',	1,	0,	'2019-07-01',	NULL,	NULL,	NULL),
(333,	'ldevreese@sonron.com',	NULL,	NULL,	'pending approval',	0,	0,	'2019-07-01',	NULL,	NULL,	NULL),
(334,	'traymo@scotfind.com',	'Nichelle',	'Mugnolo',	'approved',	1,	0,	'2019-07-02',	NULL,	NULL,	NULL),
(335,	'gschnitzler@y-corporation.com',	'Paris',	'Tjepkema',	'approved',	1,	0,	'2019-07-02',	NULL,	NULL,	NULL),
(336,	'kcraghead@sumace.com',	'Sue',	'Brossart',	'approved',	1,	0,	'2019-07-02',	NULL,	NULL,	NULL),
(337,	'eadkin@stanredtax.com',	'Marguerita',	'Scriven',	'rejected',	0,	1,	'2019-07-03',	NULL,	NULL,	NULL),
(338,	'tkines@sumace.com',	'Natalie',	'Farrar',	'rejected',	0,	1,	'2019-07-03',	NULL,	NULL,	NULL),
(339,	'etromblay@toughzap.com',	'Gail',	'Auffrey',	'rejected',	0,	1,	'2019-07-04',	NULL,	NULL,	NULL),
(340,	'nhiatt@plexzap.com',	NULL,	NULL,	'rejected',	0,	1,	'2019-07-04',	NULL,	NULL,	NULL),
(341,	'rvanheusen@statholdings.com',	'Nana',	'Chickering',	'approved',	1,	0,	'2019-07-04',	NULL,	NULL,	NULL),
(342,	'kbreland@year-job.com',	'Gearldine',	'Kines',	'approved',	1,	0,	'2019-07-05',	NULL,	NULL,	NULL),
(343,	'rbourbon@lexiqvolax.com',	'Laticia',	'Weirather',	'approved',	1,	0,	'2019-07-05',	NULL,	NULL,	NULL),
(344,	'ghalter@konmatfix.com',	'Alpha',	'Stenseth',	'approved',	1,	0,	'2019-07-08',	111,	'2019-09-27',	NULL),
(345,	'dgellinger@dambase.com',	'Maryann',	'Nayar',	'approved',	1,	0,	'2019-07-08',	NULL,	NULL,	NULL),
(346,	'jlueckenbach@plussunin.com',	NULL,	NULL,	'rejected',	0,	1,	'2019-07-08',	NULL,	NULL,	NULL),
(347,	'liturbide@dontechi.com',	'Alesia',	'Comnick',	'rejected',	0,	1,	'2019-07-09',	NULL,	NULL,	NULL),
(348,	'jrestrepo@konmatfix.com',	NULL,	NULL,	'rejected',	0,	1,	'2019-07-09',	NULL,	NULL,	NULL),
(349,	'rauber@dambase.com',	'Junita',	'Pedrozo',	'approved',	1,	0,	'2019-07-09',	NULL,	NULL,	NULL),
(350,	'aoles@bioplex.com',	'Edna',	'Grenet',	'approved',	1,	0,	'2019-07-10',	NULL,	NULL,	NULL),
(351,	'gkines@inity.com',	'Ashlyn',	'Dewar',	'approved',	1,	0,	'2019-07-10',	NULL,	NULL,	NULL),
(352,	'wmeteer@domzoom.com',	'Jose',	'Wiklund',	'approved',	1,	0,	'2019-07-11',	141,	'2019-12-03',	NULL),
(353,	'lbayless@sumace.com',	'Leatha',	'Iturbide',	'rejected',	0,	1,	'2019-07-11',	NULL,	NULL,	NULL),
(354,	'smeteer@dalttechnology.com',	'Mariann',	'Kiel',	'approved',	1,	0,	'2019-07-11',	NULL,	NULL,	NULL),
(355,	'lpadilla@conecom.com',	'Lindsey',	'Riden',	'approved',	1,	0,	'2019-07-12',	133,	'2019-12-18',	NULL),
(356,	'rbourbon@lexiqvolax.com',	'Elza',	'Papasergi',	'approved',	1,	0,	'2019-07-12',	NULL,	NULL,	NULL),
(357,	'dkines@betatech.com',	'Deandrea',	'Bartolet',	'rejected',	0,	1,	'2019-07-12',	NULL,	NULL,	NULL),
(358,	'brhym@dambase.com',	'Britt',	'Neither',	'approved',	1,	0,	'2019-07-15',	132,	'2019-11-18',	NULL),
(359,	'iferrario@plexzap.com',	'Corinne',	'Stockham',	'approved',	1,	0,	'2019-07-15',	NULL,	NULL,	NULL),
(360,	'cperruzza@doncon.com',	'Corinne',	'Bolognia',	'approved',	1,	0,	'2019-07-15',	NULL,	NULL,	NULL),
(361,	'aboord@faxquote.com',	'Cristy',	'Pedrozo',	'approved',	1,	0,	'2019-07-16',	NULL,	NULL,	NULL),
(362,	'cyori@donware.com',	'Elly',	'Adkin',	'approved',	1,	0,	'2019-07-16',	NULL,	NULL,	NULL),
(363,	'cperruzza@doncon.com',	'Youlanda',	'Lueckenbach',	'approved',	1,	0,	'2019-07-17',	NULL,	NULL,	NULL),
(364,	'estenseth@cancity.com',	'Jerry',	'Malet',	'rejected',	0,	1,	'2019-07-17',	NULL,	NULL,	NULL),
(365,	'kharnos@conecom.com',	'Mariann',	'Emard',	'approved',	1,	0,	'2019-07-17',	121,	'2019-10-17',	NULL),
(366,	'kweglarz@streethex.com',	'Devora',	'Moyd',	'rejected',	0,	1,	'2019-07-18',	NULL,	NULL,	NULL),
(367,	'aspickerman@green-plus.com',	'Malcolm',	'Gleich',	'rejected',	0,	1,	'2019-07-18',	NULL,	NULL,	NULL),
(368,	'mhollack@scottech.com',	NULL,	NULL,	'approved',	1,	0,	'2019-07-18',	NULL,	NULL,	NULL),
(369,	'esaylors@y-corporation.com',	'Jolene',	'Shire',	'rejected',	0,	1,	'2019-07-19',	NULL,	NULL,	NULL),
(370,	'afigeroa@labdrill.com',	'Avery',	'Fritz',	'approved',	1,	0,	'2019-07-19',	NULL,	NULL,	NULL),
(371,	'lschoeneck@streethex.com',	NULL,	NULL,	'approved',	1,	0,	'2019-07-22',	NULL,	NULL,	NULL),
(372,	'chagele@zencorporation.com',	'Rasheeda',	'Palaia',	'approved',	1,	0,	'2019-07-22',	NULL,	NULL,	NULL),
(373,	'kpatak@groovestreet.com',	'Nicolette',	'Haufler',	'rejected',	0,	1,	'2019-07-23',	NULL,	NULL,	NULL),
(374,	'mreitler@fasehatice.com',	'Mariann',	'Waymire',	'rejected',	0,	1,	'2019-07-24',	NULL,	NULL,	NULL),
(375,	'dgellinger@dambase.com',	NULL,	NULL,	'approved',	1,	0,	'2019-07-24',	NULL,	NULL,	NULL),
(376,	'ebowley@ganjaflex.com',	'Sylvie',	'Miceli',	'approved',	1,	0,	'2019-07-25',	NULL,	NULL,	NULL),
(377,	'lwalthall@betasoloin.com',	'Kris',	'Bevelacqua',	'approved',	1,	0,	'2019-07-26',	164,	'2020-01-24',	NULL),
(378,	'jbuvens@plusstrip.com',	'Kaitlyn',	'Gudroe',	'approved',	1,	0,	'2019-07-26',	NULL,	NULL,	NULL),
(379,	'awildfong@conecom.com',	NULL,	NULL,	'pending approval',	0,	0,	'2019-07-26',	NULL,	NULL,	NULL),
(380,	'chirpara@rantouch.com',	'Amber',	'Chui',	'approved',	1,	0,	'2019-07-29',	179,	'2020-03-20',	NULL),
(381,	'jacey@inity.com',	'Jamal',	'Saras',	'approved',	1,	0,	'2019-07-29',	144,	'2019-12-06',	NULL),
(382,	'troyster@kan-code.com',	'Pamella',	'Upthegrove',	'approved',	1,	0,	'2019-07-30',	152,	'2019-12-26',	NULL),
(383,	'aspickerman@green-plus.com',	'Earleen',	'Perigo',	'approved',	1,	0,	'2019-07-31',	95,	'2019-08-19',	NULL),
(384,	'whamilton@opentech.com',	'Wilda',	'Oles',	'pending approval',	0,	0,	'2019-07-31',	NULL,	NULL,	NULL),
(385,	'jacey@inity.com',	NULL,	NULL,	'approved',	1,	0,	'2019-07-31',	NULL,	NULL,	NULL),
(386,	'vknipp@year-job.com',	'Tamar',	'Heimann',	'pending approval',	0,	0,	'2019-08-01',	NULL,	NULL,	NULL),
(387,	'rtegarden@donquadtech.com',	'Dalene',	'Isenhower',	'rejected',	0,	1,	'2019-08-01',	NULL,	NULL,	NULL),
(388,	'cmorasca@ganjaflex.com',	'Kate',	'Bayless',	'approved',	1,	0,	'2019-08-01',	NULL,	NULL,	NULL),
(389,	'ckippley@plussunin.com',	NULL,	NULL,	'approved',	1,	0,	'2019-08-02',	NULL,	NULL,	NULL),
(390,	'arulapaugh@zencorporation.com',	'Arlette',	'Frerking',	'approved',	1,	0,	'2019-08-02',	NULL,	NULL,	NULL),
(391,	'jmirafuentes@rangreen.com',	NULL,	NULL,	'approved',	1,	0,	'2019-08-05',	192,	'2020-04-14',	NULL),
(392,	'szepp@dalttechnology.com',	'Levi',	'Kardas',	'approved',	1,	0,	'2019-08-06',	NULL,	NULL,	NULL),
(393,	'woles@codehow.com',	'Daniel',	'Malet',	'approved',	1,	0,	'2019-08-06',	143,	'2020-01-01',	NULL),
(394,	'wstockham@zotware.com',	'Kristofer',	'Hauenstein',	'approved',	1,	0,	'2019-08-06',	NULL,	NULL,	NULL),
(395,	'eadkin@stanredtax.com',	'Derick',	'Hughey',	'approved',	1,	0,	'2019-08-07',	142,	'2019-12-09',	NULL),
(396,	'jacey@inity.com',	NULL,	NULL,	'approved',	1,	0,	'2019-08-07',	NULL,	NULL,	NULL),
(397,	'arulapaugh@zencorporation.com',	NULL,	NULL,	'approved',	1,	0,	'2019-08-07',	NULL,	NULL,	NULL),
(398,	'jlueckenbach@plussunin.com',	'Danica',	'Springe',	'approved',	1,	0,	'2019-08-08',	180,	'2020-03-25',	NULL),
(399,	'estenseth@cancity.com',	'Catarina',	'Pagliuca',	'approved',	1,	0,	'2019-08-08',	NULL,	NULL,	NULL),
(400,	'lkarpel@nam-zim.com',	'Skye',	'Lorens',	'approved',	1,	0,	'2019-08-09',	NULL,	NULL,	NULL),
(401,	'fdelasancha@inity.com',	NULL,	NULL,	'approved',	1,	0,	'2019-08-09',	NULL,	NULL,	NULL),
(402,	'rtegarden@donquadtech.com',	'Josphine',	'Scriven',	'pending approval',	0,	0,	'2019-08-09',	NULL,	NULL,	NULL),
(403,	'cperruzza@doncon.com',	'Jose',	'Saylors',	'approved',	1,	0,	'2019-08-12',	NULL,	NULL,	NULL),
(404,	'bflosi@ganjaflex.com',	'Marti',	'Chaffins',	'approved',	1,	0,	'2019-08-12',	203,	'2020-05-20',	NULL),
(405,	'ttromblay@dontechi.com',	'Jerry',	'Drymon',	'pending approval',	0,	0,	'2019-08-13',	NULL,	NULL,	NULL),
(406,	'eperigo@plussunin.com',	'Alesia',	'Claucherty',	'approved',	1,	0,	'2019-08-13',	NULL,	NULL,	NULL),
(407,	'rauber@dambase.com',	'Youlanda',	'Garufi',	'approved',	1,	0,	'2019-08-13',	NULL,	NULL,	NULL),
(408,	'bdiestel@condax.com',	'Izetta',	'Frey',	'approved',	1,	0,	'2019-08-14',	NULL,	NULL,	NULL),
(409,	'lkarpel@nam-zim.com',	'Alecia',	'Rulapaugh',	'pending approval',	0,	0,	'2019-08-14',	NULL,	NULL,	NULL),
(410,	'ltheodorov@opentech.com',	'Roosevelt',	'Dilello',	'approved',	1,	0,	'2019-08-15',	NULL,	NULL,	NULL),
(411,	'aboord@faxquote.com',	'Whitley',	'Nicolozakes',	'approved',	1,	0,	'2019-08-15',	135,	'2019-11-20',	NULL),
(412,	'msetter@fasehatice.com',	NULL,	NULL,	'approved',	1,	0,	'2019-08-16',	NULL,	NULL,	NULL),
(413,	'trulapaugh@yearin.com',	'Theodora',	'Haroldson',	'rejected',	0,	1,	'2019-08-16',	NULL,	NULL,	NULL),
(414,	'whamilton@opentech.com',	'Evangelina',	'Treston',	'rejected',	0,	1,	'2019-08-19',	NULL,	NULL,	NULL),
(415,	'rauber@dambase.com',	'Dyan',	'Ragel',	'approved',	1,	0,	'2019-08-20',	NULL,	NULL,	NULL),
(416,	'kmyricks@groovestreet.com',	'Leota',	'Hauenstein',	'approved',	1,	0,	'2019-08-20',	NULL,	NULL,	NULL),
(417,	'nhaufler@zencorporation.com',	'Louisa',	'Klang',	'approved',	1,	0,	'2019-08-21',	NULL,	NULL,	NULL),
(418,	'snicka@year-job.com',	'Myra',	'Shealy',	'rejected',	0,	1,	'2019-08-21',	NULL,	NULL,	NULL),
(419,	'dangalich@donware.com',	'Annmarie',	'Coyier',	'approved',	1,	0,	'2019-08-22',	NULL,	NULL,	NULL),
(420,	'smeteer@dalttechnology.com',	'Teddy',	'Grenet',	'rejected',	0,	1,	'2019-08-22',	NULL,	NULL,	NULL),
(421,	'cyori@donware.com',	'Janey',	'Caiafa',	'pending approval',	0,	0,	'2019-08-22',	NULL,	NULL,	NULL),
(422,	'aostolaza@finjob.com',	'Cyril',	'Motley',	'approved',	1,	0,	'2019-08-23',	NULL,	NULL,	NULL),
(423,	'ncartan@statholdings.com',	'Simona',	'Mulqueen',	'approved',	1,	0,	'2019-08-23',	136,	'2019-11-21',	NULL),
(424,	'eperigo@plussunin.com',	'Kati',	'Diestel',	'pending approval',	0,	0,	'2019-08-26',	NULL,	NULL,	NULL),
(425,	'kpatak@groovestreet.com',	NULL,	NULL,	'rejected',	0,	1,	'2019-08-26',	NULL,	NULL,	NULL),
(426,	'icaldarera@yearin.com',	NULL,	NULL,	'approved',	1,	0,	'2019-08-27',	201,	'2020-05-29',	NULL),
(427,	'yisenhower@dambase.com',	'Lettie',	'Fritz',	'approved',	1,	0,	'2019-08-27',	186,	'2020-04-06',	NULL),
(428,	'hgwalthney@funholding.com',	NULL,	NULL,	'approved',	1,	0,	'2019-08-28',	112,	'2019-12-09',	NULL),
(429,	'brhym@dambase.com',	NULL,	NULL,	'rejected',	0,	1,	'2019-08-28',	NULL,	NULL,	NULL),
(430,	'creitler@silis.com',	'Larae',	'Maclead',	'pending approval',	0,	0,	'2019-08-28',	NULL,	NULL,	NULL),
(431,	'cpugh@domzoom.com',	'Joseph',	'Samu',	'rejected',	0,	1,	'2019-08-29',	NULL,	NULL,	NULL),
(432,	'bsengbusch@singletechno.com',	'Josphine',	'Nievas',	'approved',	1,	0,	'2019-08-30',	NULL,	NULL,	NULL),
(433,	'jdiscipio@singletechno.com',	'Nan',	'Isaacs',	'approved',	1,	0,	'2019-08-30',	NULL,	NULL,	NULL),
(434,	'dturinetti@doncon.com',	'Jade',	'Ostrosky',	'pending approval',	0,	0,	'2019-09-02',	NULL,	NULL,	NULL),
(435,	'dseewald@goodsilron.com',	NULL,	NULL,	'approved',	1,	0,	'2019-09-02',	137,	'2019-11-21',	NULL),
(436,	'jacey@inity.com',	'Tegan',	'Colla',	'approved',	1,	0,	'2019-09-03',	NULL,	NULL,	NULL),
(437,	'ckannady@dambase.com',	'Kanisha',	'Mugnolo',	'rejected',	0,	1,	'2019-09-03',	NULL,	NULL,	NULL),
(438,	'rgarufi@bioplex.com',	'Salena',	'Miceli',	'pending approval',	0,	0,	'2019-09-03',	NULL,	NULL,	NULL),
(439,	'cscipione@kan-code.com',	'Raul',	'Berray',	'rejected',	0,	1,	'2019-09-04',	NULL,	NULL,	NULL),
(440,	'liturbide@dontechi.com',	'Willow',	'Oles',	'pending approval',	0,	0,	'2019-09-04',	NULL,	NULL,	NULL),
(441,	'nhaufler@zencorporation.com',	'Viola',	'Chavous',	'pending approval',	0,	0,	'2019-09-05',	NULL,	NULL,	NULL),
(442,	'vknipp@year-job.com',	'Helga',	'Callaro',	'pending approval',	0,	0,	'2019-09-06',	NULL,	NULL,	NULL),
(443,	'rgarufi@bioplex.com',	'Eden',	'Ankeny',	'pending approval',	0,	0,	'2019-09-06',	NULL,	NULL,	NULL),
(444,	'cscipione@kan-code.com',	'Tamar',	'Nicolozakes',	'rejected',	0,	1,	'2019-09-06',	NULL,	NULL,	NULL),
(445,	'lharabedian@plussunin.com',	'Van',	'Breland',	'approved',	1,	0,	'2019-09-06',	194,	'2020-04-17',	NULL),
(446,	'lsturiale@silis.com',	'Winfred',	'Lipkin',	'approved',	1,	0,	'2019-09-09',	NULL,	NULL,	NULL),
(447,	'vkeener@kan-code.com',	'Annabelle',	'Klimek',	'rejected',	0,	1,	'2019-09-09',	NULL,	NULL,	NULL),
(448,	'ahusser@finhigh.com',	'Pete',	'Maisto',	'approved',	1,	0,	'2019-09-10',	NULL,	NULL,	NULL),
(449,	'mskulski@sumace.com',	'Derick',	'Tolfree',	'approved',	1,	0,	'2019-09-10',	NULL,	NULL,	NULL),
(450,	'jacey@inity.com',	'Jamal',	'Latzke',	'rejected',	0,	1,	'2019-09-10',	NULL,	NULL,	NULL),
(451,	'lbayless@sumace.com',	'Kayleigh',	'Craghead',	'pending approval',	0,	0,	'2019-09-10',	NULL,	NULL,	NULL),
(452,	'wmeteer@domzoom.com',	'Elly',	'Craghead',	'approved',	1,	0,	'2019-09-11',	NULL,	NULL,	NULL),
(453,	'lkippley@golddex.com',	'Alyce',	'Meteer',	'approved',	1,	0,	'2019-09-12',	NULL,	NULL,	NULL),
(454,	'ckippley@plussunin.com',	'Margart',	'Maynerich',	'rejected',	0,	1,	'2019-09-13',	NULL,	NULL,	NULL),
(455,	'esaylors@groovestreet.com',	'Carmela',	'Sengbusch',	'approved',	1,	0,	'2019-09-13',	NULL,	NULL,	NULL),
(456,	'lstockham@j-texon.com',	NULL,	NULL,	'approved',	1,	0,	'2019-09-13',	NULL,	NULL,	NULL),
(457,	'jzurcher@domzoom.com',	'Cyndy',	'Dorshorst',	'approved',	1,	0,	'2019-09-16',	NULL,	NULL,	NULL),
(458,	'cfelger@stanredtax.com',	'Shalon',	'Dorshorst',	'approved',	1,	0,	'2019-09-16',	NULL,	NULL,	NULL),
(459,	'ahoogland@doncon.com',	'Rolland',	'Pugh',	'approved',	1,	0,	'2019-09-16',	NULL,	NULL,	NULL),
(460,	'dscipione@dambase.com',	'Rebecka',	'Hagele',	'rejected',	0,	1,	'2019-09-17',	NULL,	NULL,	NULL),
(461,	'traymo@scotfind.com',	NULL,	NULL,	'approved',	1,	0,	'2019-09-17',	NULL,	NULL,	NULL),
(462,	'anievas@rangreen.com',	'Lorrie',	'Morocco',	'pending approval',	0,	0,	'2019-09-17',	NULL,	NULL,	NULL),
(463,	'lsturiale@silis.com',	'Yolando',	'Louissant',	'approved',	1,	0,	'2019-09-18',	NULL,	NULL,	NULL),
(464,	'ebowley@ganjaflex.com',	'Sheron',	'Haroldson',	'approved',	1,	0,	'2019-09-18',	202,	'2020-05-15',	NULL),
(465,	'ccoody@sonron.com',	'Lucina',	'Koppinger',	'pending approval',	0,	0,	'2019-09-18',	NULL,	NULL,	NULL),
(466,	'cpugh@domzoom.com',	'Venita',	'Hollack',	'approved',	1,	0,	'2019-09-19',	NULL,	NULL,	NULL),
(467,	'hmenter@doncon.com',	'Mitsue',	'Pagliuca',	'approved',	1,	0,	'2019-09-19',	NULL,	NULL,	NULL),
(468,	'lharabedian@plussunin.com',	'Delmy',	'Farrow',	'approved',	1,	0,	'2019-09-19',	NULL,	NULL,	NULL),
(469,	'cbourbon@betasoloin.com',	'Carma',	'Ankeny',	'approved',	1,	0,	'2019-09-20',	NULL,	NULL,	NULL),
(470,	'yisenhower@dambase.com',	'Olive',	'Luczki',	'approved',	1,	0,	'2019-09-23',	158,	'2020-01-06',	NULL),
(471,	'ggalam@ron-tech.com',	'Louisa',	'Kippley',	'approved',	1,	0,	'2019-09-23',	NULL,	NULL,	NULL),
(472,	'jmirafuentes@rangreen.com',	'Devorah',	'Rauser',	'pending approval',	0,	0,	'2019-09-24',	NULL,	NULL,	NULL),
(473,	'gkines@inity.com',	'Weldon',	'Seewald',	'approved',	1,	0,	'2019-09-24',	NULL,	NULL,	NULL),
(474,	'lwalthall@betasoloin.com',	NULL,	NULL,	'rejected',	0,	1,	'2019-09-24',	NULL,	NULL,	NULL),
(475,	'vknipp@year-job.com',	'Valentine',	'Hengel',	'approved',	1,	0,	'2019-09-25',	NULL,	NULL,	NULL),
(476,	'jkarpel@mathtouch.com',	NULL,	NULL,	'pending approval',	0,	0,	'2019-09-25',	NULL,	NULL,	NULL),
(477,	'oflosi@betatech.com',	'Glen',	'Smith',	'approved',	1,	0,	'2019-09-26',	NULL,	NULL,	NULL),
(478,	'aoles@bioplex.com',	'Maryann',	'Kohnert',	'approved',	1,	0,	'2019-09-26',	NULL,	NULL,	NULL),
(479,	'dangalich@donware.com',	NULL,	NULL,	'approved',	1,	0,	'2019-09-27',	NULL,	NULL,	NULL),
(480,	'ckannady@dambase.com',	'Tiffiny',	'Waycott',	'approved',	1,	0,	'2019-09-27',	NULL,	NULL,	NULL),
(481,	'lflister@hottechi.com',	'Georgene',	'Oles',	'approved',	1,	0,	'2019-09-30',	NULL,	NULL,	NULL),
(482,	'whamilton@opentech.com',	'Gregoria',	'Skulski',	'approved',	1,	0,	'2019-09-30',	153,	'2020-01-09',	NULL),
(483,	'troyster@kan-code.com',	'Lonny',	'Haroldson',	'rejected',	0,	1,	'2019-10-01',	NULL,	NULL,	NULL),
(484,	'adenooyer@kinnamplus.com',	'Helene',	'Sweigard',	'approved',	1,	0,	'2019-10-01',	172,	'2020-03-30',	NULL),
(485,	'ladkin@domzoom.com',	'Gayla',	'Gleich',	'approved',	1,	0,	'2019-10-02',	NULL,	NULL,	NULL),
(486,	'vlouissant@sunnamplex.com',	'Kristeen',	'Cetta',	'approved',	1,	0,	'2019-10-03',	177,	'2020-04-10',	NULL),
(487,	'aostolaza@finjob.com',	NULL,	NULL,	'approved',	1,	0,	'2019-10-03',	NULL,	NULL,	NULL),
(488,	'cpaulas@opentech.com',	'Bernardine',	'Brucato',	'rejected',	0,	1,	'2019-10-03',	NULL,	NULL,	NULL),
(489,	'lbayless@sumace.com',	'Nan',	'Denooyer',	'approved',	1,	0,	'2019-10-04',	NULL,	NULL,	NULL),
(490,	'ahusser@finhigh.com',	NULL,	NULL,	'approved',	1,	0,	'2019-10-07',	214,	'2020-06-19',	NULL),
(491,	'kcraghead@sumace.com',	'Helga',	'Mirafuentes',	'rejected',	0,	1,	'2019-10-07',	NULL,	NULL,	NULL),
(492,	'mhoopengardner@xx-holding.com',	'Louisa',	'Candlish',	'approved',	1,	0,	'2019-10-08',	NULL,	NULL,	NULL),
(493,	'troyster@kan-code.com',	'Mona',	'Keneipp',	'approved',	1,	0,	'2019-10-08',	NULL,	NULL,	NULL),
(494,	'lmunns@toughzap.com',	'Carey',	'Harabedian',	'rejected',	0,	1,	'2019-10-09',	NULL,	NULL,	NULL),
(495,	'lbayless@sumace.com',	NULL,	NULL,	'pending approval',	0,	0,	'2019-10-09',	NULL,	NULL,	NULL),
(496,	'lmorocco@year-job.com',	'Charlene',	'Foller',	'approved',	1,	0,	'2019-10-09',	NULL,	NULL,	NULL),
(497,	'ehirpara@sunnamplex.com',	'Marjory',	'Slusarski',	'rejected',	0,	1,	'2019-10-10',	NULL,	NULL,	NULL),
(498,	'lmorocco@year-job.com',	'Tonette',	'Frankel',	'approved',	1,	0,	'2019-10-10',	NULL,	NULL,	NULL),
(499,	'ebachman@goodsilron.com',	'Beatriz',	'Karpin',	'approved',	1,	0,	'2019-10-11',	NULL,	NULL,	NULL),
(500,	'esaylors@y-corporation.com',	'Leonida',	'Adkin',	'approved',	1,	0,	'2019-10-11',	NULL,	NULL,	NULL),
(501,	'mbolognia@finjob.com',	NULL,	NULL,	'rejected',	0,	1,	'2019-10-14',	NULL,	NULL,	NULL),
(502,	'bsengbusch@singletechno.com',	'Jennie',	'Vizarro',	'approved',	1,	0,	'2019-10-14',	NULL,	NULL,	NULL),
(503,	'cpagliuca@betasoloin.com',	'Lizette',	'Stimmel',	'approved',	1,	0,	'2019-10-15',	NULL,	NULL,	NULL),
(504,	'aspickerman@green-plus.com',	'Deonna',	'Steffensmeier',	'approved',	1,	0,	'2019-10-15',	NULL,	NULL,	NULL),
(505,	'lflister@hottechi.com',	'Fatima',	'Toelkes',	'pending approval',	0,	0,	'2019-10-16',	NULL,	NULL,	NULL),
(506,	'mreiber@scottech.com',	'Melodie',	'Luczki',	'approved',	1,	0,	'2019-10-16',	NULL,	NULL,	NULL),
(507,	'gkines@inity.com',	'Nelida',	'Rentfro',	'pending approval',	0,	0,	'2019-10-16',	NULL,	NULL,	NULL),
(508,	'vlouissant@sunnamplex.com',	'Fabiola',	'Bubash',	'rejected',	0,	1,	'2019-10-17',	NULL,	NULL,	NULL),
(509,	'nhaufler@zencorporation.com',	'Katina',	'Benimadho',	'approved',	1,	0,	'2019-10-17',	NULL,	NULL,	NULL),
(510,	'kweglarz@streethex.com',	'Clorinda',	'Hirpara',	'approved',	1,	0,	'2019-10-17',	NULL,	NULL,	NULL),
(511,	'afigeroa@labdrill.com',	'Abel',	'Amyot',	'rejected',	0,	1,	'2019-10-18',	NULL,	NULL,	NULL),
(512,	'hmenter@doncon.com',	'Ma',	'Shields',	'approved',	1,	0,	'2019-10-18',	182,	'2020-03-27',	NULL),
(513,	'brestrepo@xx-holding.com',	'Golda',	'Hellickson',	'pending approval',	0,	0,	'2019-10-21',	NULL,	NULL,	NULL),
(514,	'cyori@donware.com',	'Lenna',	'Grenet',	'approved',	1,	0,	'2019-10-21',	181,	'2020-03-26',	NULL),
(515,	'cperruzza@doncon.com',	'Stephane',	'Kalafatis',	'rejected',	0,	1,	'2019-10-22',	NULL,	NULL,	NULL),
(516,	'oflosi@betatech.com',	'Beatriz',	'Semidey',	'rejected',	0,	1,	'2019-10-22',	NULL,	NULL,	NULL),
(517,	'jlueckenbach@plussunin.com',	'Andra',	'Craghead',	'approved',	1,	0,	'2019-10-23',	176,	'2020-04-29',	NULL),
(518,	'chirpara@rantouch.com',	NULL,	NULL,	'pending approval',	0,	0,	'2019-10-23',	NULL,	NULL,	NULL),
(519,	'elary@lexiqvolax.com',	'Eun',	'Berganza',	'pending approval',	0,	0,	'2019-10-23',	NULL,	NULL,	NULL),
(520,	'lharoldson@rangreen.com',	'Kanisha',	'Harnos',	'pending approval',	0,	0,	'2019-10-24',	NULL,	NULL,	NULL),
(521,	'eadkin@stanredtax.com',	'Rasheeda',	'Acey',	'approved',	1,	0,	'2019-10-24',	NULL,	NULL,	NULL),
(522,	'rtegarden@donquadtech.com',	'Peggie',	'Martabano',	'approved',	1,	0,	'2019-10-24',	147,	'2019-12-16',	NULL),
(523,	'jzurcher@domzoom.com',	'Nobuko',	'Mulqueen',	'approved',	1,	0,	'2019-10-25',	NULL,	NULL,	NULL),
(524,	'gkines@inity.com',	'Rikki',	'Hoffis',	'pending approval',	0,	0,	'2019-10-25',	NULL,	NULL,	NULL),
(525,	'mreiber@scottech.com',	'Carma',	'Riopelle',	'approved',	1,	0,	'2019-10-28',	NULL,	NULL,	NULL),
(526,	'lbayless@sumace.com',	'Adell',	'Loader',	'approved',	1,	0,	'2019-10-28',	NULL,	NULL,	NULL),
(527,	'lpadilla@conecom.com',	NULL,	NULL,	'pending approval',	0,	0,	'2019-10-29',	NULL,	NULL,	NULL),
(528,	'awildfong@conecom.com',	NULL,	NULL,	'approved',	1,	0,	'2019-10-29',	NULL,	NULL,	NULL),
(529,	'rgarufi@bioplex.com',	'Nichelle',	'Riden',	'approved',	1,	0,	'2019-10-29',	NULL,	NULL,	NULL),
(530,	'fdelasancha@inity.com',	'Valentine',	'Wide',	'pending approval',	0,	0,	'2019-10-30',	NULL,	NULL,	NULL),
(531,	'kcraghead@sumace.com',	NULL,	NULL,	'approved',	1,	0,	'2019-10-30',	NULL,	NULL,	NULL),
(532,	'gschnitzler@y-corporation.com',	'Shonda',	'Nicka',	'approved',	1,	0,	'2019-10-31',	NULL,	NULL,	NULL),
(533,	'kharnos@conecom.com',	'Timothy',	'Yglesias',	'approved',	1,	0,	'2019-10-31',	NULL,	NULL,	NULL),
(534,	'mstem@betasoloin.com',	'Bulah',	'Schoeneck',	'approved',	1,	0,	'2019-11-01',	162,	'2020-02-06',	NULL),
(535,	'ccoody@sonron.com',	'Merilyn',	'Meisel',	'approved',	1,	0,	'2019-11-01',	NULL,	NULL,	NULL),
(536,	'amiceli@blackzim.com',	'Izetta',	'Julia',	'approved',	1,	0,	'2019-11-01',	NULL,	NULL,	NULL),
(537,	'jblackwood@dambase.com',	'Sharen',	'Fillingim',	'pending approval',	0,	0,	'2019-11-04',	NULL,	NULL,	NULL),
(538,	'kcraghead@sumace.com',	'Micaela',	'Buemi',	'pending approval',	0,	0,	'2019-11-04',	NULL,	NULL,	NULL),
(539,	'lkarpel@nam-zim.com',	'Alisha',	'Eschberger',	'approved',	1,	0,	'2019-11-05',	NULL,	NULL,	NULL),
(540,	'elary@lexiqvolax.com',	'Ammie',	'Polidori',	'pending approval',	0,	0,	'2019-11-05',	NULL,	NULL,	NULL),
(541,	'mhoopengardner@xx-holding.com',	'Marvel',	'Skulski',	'rejected',	0,	1,	'2019-11-06',	NULL,	NULL,	NULL),
(542,	'yisenhower@dambase.com',	'Cecil',	'Rodefer',	'approved',	1,	0,	'2019-11-06',	NULL,	NULL,	NULL),
(543,	'jrestrepo@konmatfix.com',	'Nobuko',	'Paulas',	'approved',	1,	0,	'2019-11-06',	NULL,	NULL,	NULL),
(544,	'dgellinger@dambase.com',	NULL,	NULL,	'approved',	1,	0,	'2019-11-07',	NULL,	NULL,	NULL),
(545,	'bdiestel@condax.com',	'Becky',	'Buzick',	'approved',	1,	0,	'2019-11-08',	NULL,	NULL,	NULL),
(546,	'vknipp@year-job.com',	NULL,	NULL,	'pending approval',	0,	0,	'2019-11-08',	NULL,	NULL,	NULL),
(547,	'adenooyer@kinnamplus.com',	'Gail',	'Fredicks',	'approved',	1,	0,	'2019-11-08',	NULL,	NULL,	NULL),
(548,	'lharoldson@rangreen.com',	'Shenika',	'Dinos',	'approved',	1,	0,	'2019-11-11',	NULL,	NULL,	NULL),
(549,	'cmorasca@ganjaflex.com',	'Audry',	'Fallick',	'approved',	1,	0,	'2019-11-11',	NULL,	NULL,	NULL),
(550,	'cfelger@stanredtax.com',	'Tiffiny',	'Korando',	'pending approval',	0,	0,	'2019-11-12',	NULL,	NULL,	NULL),
(551,	'snicka@year-job.com',	'Tegan',	'Springe',	'rejected',	0,	1,	'2019-11-12',	NULL,	NULL,	NULL),
(552,	'ahoogland@y-corporation.com',	NULL,	NULL,	'approved',	1,	0,	'2019-11-13',	NULL,	NULL,	NULL),
(553,	'chirpara@rantouch.com',	'Ernie',	'Bowley',	'rejected',	0,	1,	'2019-11-13',	NULL,	NULL,	NULL),
(554,	'chagele@zencorporation.com',	'Bernardo',	'Nicka',	'approved',	1,	0,	'2019-11-14',	184,	'2020-04-07',	NULL),
(555,	'loldroyd@hottechi.com',	'Fletcher',	'Gotter',	'pending approval',	0,	0,	'2019-11-14',	NULL,	NULL,	NULL),
(556,	'aostolaza@finjob.com',	'Ty',	'Raymo',	'approved',	1,	0,	'2019-11-15',	183,	'2020-04-03',	NULL),
(557,	'chirpara@rantouch.com',	NULL,	NULL,	'approved',	1,	0,	'2019-11-15',	160,	'2020-02-26',	NULL),
(558,	'esaylors@groovestreet.com',	'Lai',	'Cloney',	'approved',	1,	0,	'2019-11-18',	NULL,	NULL,	NULL),
(559,	'bsengbusch@singletechno.com',	'Bobbye',	'Strassner',	'approved',	1,	0,	'2019-11-18',	NULL,	NULL,	NULL),
(560,	'mstem@betasoloin.com',	'Daniel',	'Seewald',	'rejected',	0,	1,	'2019-11-19',	NULL,	NULL,	NULL),
(561,	'ebowley@ganjaflex.com',	'Viola',	'Halter',	'rejected',	0,	1,	'2019-11-19',	NULL,	NULL,	NULL),
(562,	'trulapaugh@yearin.com',	'Melissa',	'Gillaspie',	'approved',	1,	0,	'2019-11-20',	NULL,	NULL,	NULL),
(563,	'estenseth@cancity.com',	'Johnetta',	'Poquette',	'pending approval',	0,	0,	'2019-11-20',	NULL,	NULL,	NULL),
(564,	'cperruzza@doncon.com',	'Antione',	'Coyier',	'approved',	1,	0,	'2019-11-20',	NULL,	NULL,	NULL),
(565,	'xdubaldi@iselectrics.com',	'Solange',	'Limmel',	'rejected',	0,	1,	'2019-11-21',	NULL,	NULL,	NULL),
(566,	'traymo@scotfind.com',	'Rebecka',	'Biddy',	'approved',	1,	0,	'2019-11-22',	NULL,	NULL,	NULL),
(567,	'rbourbon@lexiqvolax.com',	'Barrett',	'Worlds',	'rejected',	0,	1,	'2019-11-22',	NULL,	NULL,	NULL),
(568,	'vlouissant@sunnamplex.com',	'Merilyn',	'Bruschke',	'pending approval',	0,	0,	'2019-11-25',	NULL,	NULL,	NULL),
(569,	'hmenter@doncon.com',	'Clorinda',	'Manno',	'pending approval',	0,	0,	'2019-11-25',	NULL,	NULL,	NULL),
(570,	'msarao@newex.com',	'Izetta',	'Albares',	'pending approval',	0,	0,	'2019-11-26',	NULL,	NULL,	NULL),
(571,	'aacey@dontechi.com',	NULL,	NULL,	'rejected',	0,	1,	'2019-11-26',	NULL,	NULL,	NULL),
(572,	'rauber@dambase.com',	'Nobuko',	'Gillian',	'approved',	1,	0,	'2019-11-26',	NULL,	NULL,	NULL),
(573,	'lmunns@toughzap.com',	'Lai',	'Devreese',	'approved',	1,	0,	'2019-11-27',	NULL,	NULL,	NULL),
(574,	'jpoquette@ron-tech.com',	'Clay',	'Pugh',	'approved',	1,	0,	'2019-11-27',	113,	'2020-02-10',	NULL),
(575,	'lharoldson@rangreen.com',	'Bobbye',	'Gochal',	'pending approval',	0,	0,	'2019-11-28',	NULL,	NULL,	NULL),
(576,	'dturinetti@doncon.com',	'Novella',	'Plumer',	'rejected',	0,	1,	'2019-11-29',	NULL,	NULL,	NULL),
(577,	'cmorasca@ganjaflex.com',	'Cheryl',	'Cryer',	'approved',	1,	0,	'2019-11-29',	NULL,	NULL,	NULL),
(578,	'ladkin@domzoom.com',	'Rolande',	'Sergi',	'approved',	1,	0,	'2019-12-02',	NULL,	NULL,	NULL),
(579,	'lflister@hottechi.com',	'Lenna',	'Threets',	'rejected',	0,	1,	'2019-12-02',	NULL,	NULL,	NULL),
(580,	'kbreland@year-job.com',	NULL,	NULL,	'approved',	1,	0,	'2019-12-02',	NULL,	NULL,	NULL),
(581,	'lstockham@j-texon.com',	'Jesusa',	'Ankeny',	'approved',	1,	0,	'2019-12-03',	167,	'2020-02-14',	NULL),
(582,	'cpaulas@opentech.com',	'France',	'Tillotson',	'approved',	1,	0,	'2019-12-03',	NULL,	NULL,	NULL),
(583,	'elary@lexiqvolax.com',	'Minna',	'Hoopengardner',	'approved',	1,	0,	'2019-12-04',	NULL,	NULL,	NULL),
(584,	'tkines@sumace.com',	'Filiberto',	'Melnyk',	'approved',	1,	0,	'2019-12-04',	NULL,	NULL,	NULL),
(585,	'cmorasca@ganjaflex.com',	NULL,	NULL,	'approved',	1,	0,	'2019-12-04',	NULL,	NULL,	NULL),
(586,	'hgwalthney@funholding.com',	'Willodean',	'Maillard',	'approved',	1,	0,	'2019-12-05',	NULL,	NULL,	NULL),
(587,	'ehirpara@sunnamplex.com',	'Ernie',	'Rodefer',	'approved',	1,	0,	'2019-12-05',	NULL,	NULL,	NULL),
(588,	'aboord@faxquote.com',	'Jacqueline',	'Zagen',	'approved',	1,	0,	'2019-12-05',	NULL,	NULL,	NULL),
(589,	'gschnitzler@y-corporation.com',	'Nichelle',	'Acey',	'pending approval',	0,	0,	'2019-12-06',	NULL,	NULL,	NULL),
(590,	'dstoltzman@condax.com',	'Rebecka',	'Keetch',	'approved',	1,	0,	'2019-12-06',	NULL,	NULL,	NULL),
(591,	'lbayless@sumace.com',	'Xuan',	'Juvera',	'approved',	1,	0,	'2019-12-09',	139,	'2020-04-30',	NULL),
(592,	'aacey@dontechi.com',	'Glen',	'Merced',	'approved',	1,	0,	'2019-12-09',	NULL,	NULL,	NULL),
(593,	'lhamilton@labdrill.com',	'Jolanda',	'Discipio',	'approved',	1,	0,	'2019-12-09',	NULL,	NULL,	NULL),
(594,	'woles@codehow.com',	'Annelle',	'Pinilla',	'approved',	1,	0,	'2019-12-10',	185,	'2020-06-03',	NULL),
(595,	'ncartan@statholdings.com',	'Chauncey',	'Mallett',	'approved',	1,	0,	'2019-12-10',	NULL,	NULL,	NULL),
(596,	'kpatak@groovestreet.com',	NULL,	NULL,	'approved',	1,	0,	'2019-12-10',	NULL,	NULL,	NULL),
(597,	'nhiatt@plexzap.com',	'Theola',	'Kines',	'approved',	1,	0,	'2019-12-11',	NULL,	NULL,	NULL),
(598,	'dstoltzman@condax.com',	'Elke',	'Lace',	'approved',	1,	0,	'2019-12-11',	NULL,	NULL,	NULL),
(599,	'dangalich@donware.com',	NULL,	NULL,	'approved',	1,	0,	'2019-12-12',	NULL,	NULL,	NULL),
(600,	'woles@codehow.com',	'Lonny',	'Stimmel',	'rejected',	0,	1,	'2019-12-12',	NULL,	NULL,	NULL),
(601,	'elary@lexiqvolax.com',	'Corinne',	'Onofrio',	'rejected',	0,	1,	'2019-12-12',	NULL,	NULL,	NULL),
(602,	'kbreland@year-job.com',	NULL,	NULL,	'approved',	1,	0,	'2019-12-13',	189,	'2020-05-04',	NULL),
(603,	'dgellinger@dambase.com',	'Solange',	'Blunk',	'approved',	1,	0,	'2019-12-13',	NULL,	NULL,	NULL),
(604,	'amiceli@blackzim.com',	'Daren',	'Similton',	'pending approval',	0,	0,	'2019-12-16',	NULL,	NULL,	NULL),
(605,	'gschnitzler@y-corporation.com',	NULL,	NULL,	'approved',	1,	0,	'2019-12-16',	NULL,	NULL,	NULL),
(606,	'msetter@fasehatice.com',	'Beatriz',	'Sengbusch',	'approved',	1,	0,	'2019-12-16',	NULL,	NULL,	NULL),
(607,	'bdiestel@condax.com',	'Ty',	'Maynerich',	'approved',	1,	0,	'2019-12-17',	191,	'2020-04-13',	NULL),
(608,	'jspickerman@y-corporation.com',	'Kaitlyn',	'Keneipp',	'approved',	1,	0,	'2019-12-17',	NULL,	NULL,	NULL),
(609,	'msetter@fasehatice.com',	NULL,	NULL,	'rejected',	0,	1,	'2019-12-17',	NULL,	NULL,	NULL),
(610,	'brhym@dambase.com',	'Glen',	'Yori',	'pending approval',	0,	0,	'2019-12-18',	NULL,	NULL,	NULL),
(611,	'dscipione@dambase.com',	NULL,	NULL,	'pending approval',	0,	0,	'2019-12-18',	NULL,	NULL,	NULL),
(612,	'fdelasancha@inity.com',	NULL,	NULL,	'pending approval',	0,	0,	'2019-12-19',	NULL,	NULL,	NULL),
(613,	'jmirafuentes@rangreen.com',	'Karl',	'Schoeneck',	'approved',	1,	0,	'2019-12-19',	NULL,	NULL,	NULL),
(614,	'trulapaugh@yearin.com',	NULL,	NULL,	'pending approval',	0,	0,	'2019-12-20',	NULL,	NULL,	NULL),
(615,	'jspickerman@y-corporation.com',	'Shenika',	'Rodeigues',	'pending approval',	0,	0,	'2019-12-20',	NULL,	NULL,	NULL),
(616,	'agillaspie@golddex.com',	'Stephaine',	'Corrington',	'rejected',	0,	1,	'2019-12-23',	NULL,	NULL,	NULL),
(617,	'agillaspie@golddex.com',	'Shawna',	'Schemmer',	'pending approval',	0,	0,	'2019-12-23',	NULL,	NULL,	NULL),
(618,	'aboord@faxquote.com',	'Hermila',	'Weglarz',	'approved',	1,	0,	'2019-12-24',	NULL,	NULL,	NULL),
(619,	'acoyier@hottechi.com',	NULL,	NULL,	'approved',	1,	0,	'2019-12-25',	NULL,	NULL,	NULL),
(620,	'jblackwood@dambase.com',	'Alishia',	'Acey',	'approved',	1,	0,	'2019-12-25',	166,	'2020-05-07',	NULL),
(621,	'dseewald@goodsilron.com',	NULL,	NULL,	'approved',	1,	0,	'2019-12-26',	171,	'2020-03-02',	NULL),
(622,	'dangalich@donware.com',	'Ty',	'Munis',	'approved',	1,	0,	'2019-12-26',	NULL,	NULL,	NULL),
(623,	'ladkin@domzoom.com',	NULL,	NULL,	'rejected',	0,	1,	'2019-12-27',	NULL,	NULL,	NULL),
(624,	'lmunns@toughzap.com',	'Daren',	'Rowling',	'approved',	1,	0,	'2019-12-27',	NULL,	NULL,	NULL),
(625,	'ttromblay@dontechi.com',	'Markus',	'Moyd',	'approved',	1,	0,	'2019-12-30',	NULL,	NULL,	NULL),
(626,	'aoles@bioplex.com',	NULL,	NULL,	'pending approval',	0,	0,	'2019-12-30',	NULL,	NULL,	NULL),
(627,	'ldevreese@sonron.com',	NULL,	NULL,	'approved',	1,	0,	'2019-12-31',	NULL,	NULL,	NULL),
(628,	'esaylors@groovestreet.com',	NULL,	NULL,	'pending approval',	0,	0,	'2019-12-31',	NULL,	NULL,	NULL),
(629,	'eadkin@stanredtax.com',	'Freeman',	'Varriano',	'approved',	1,	0,	'2019-12-31',	NULL,	NULL,	NULL),
(630,	'ckippley@plussunin.com',	'Shawnda',	'Ogg',	'approved',	1,	0,	'2020-01-01',	188,	'2020-06-15',	NULL),
(631,	'ttromblay@dontechi.com',	'Blondell',	'Kohl',	'approved',	1,	0,	'2020-01-01',	169,	'2020-02-19',	NULL),
(632,	'lwalthall@betasoloin.com',	'Daron',	'Fern',	'approved',	1,	0,	'2020-01-02',	NULL,	NULL,	NULL),
(633,	'lmonarrez@goodsilron.com',	'Pamella',	'Agramonte',	'approved',	1,	0,	'2020-01-02',	NULL,	NULL,	NULL),
(634,	'jmirafuentes@rangreen.com',	'Mitsue',	'Bolognia',	'rejected',	0,	1,	'2020-01-02',	NULL,	NULL,	NULL),
(635,	'lhamilton@labdrill.com',	'Annmarie',	'Tromblay',	'approved',	1,	0,	'2020-01-02',	NULL,	NULL,	NULL),
(636,	'hseewald@j-texon.com',	'Ammie',	'Pinilla',	'pending approval',	0,	0,	'2020-01-03',	NULL,	NULL,	NULL),
(637,	'hgwalthney@funholding.com',	'Gertude',	'Mauson',	'pending approval',	0,	0,	'2020-01-06',	NULL,	NULL,	NULL),
(638,	'kbreland@year-job.com',	'Vincent',	'Reitler',	'approved',	1,	0,	'2020-01-06',	NULL,	NULL,	NULL),
(639,	'loldroyd@hottechi.com',	'Hubert',	'Bitsuie',	'rejected',	0,	1,	'2020-01-07',	NULL,	NULL,	NULL),
(640,	'clawler@dontechi.com',	'Karl',	'Kulzer',	'pending approval',	0,	0,	'2020-01-07',	NULL,	NULL,	NULL),
(641,	'cbourbon@betasoloin.com',	'Ciara',	'Linahan',	'pending approval',	0,	0,	'2020-01-08',	NULL,	NULL,	NULL),
(642,	'brestrepo@xx-holding.com',	'Lilli',	'Gleich',	'pending approval',	0,	0,	'2020-01-08',	NULL,	NULL,	NULL),
(643,	'dseewald@goodsilron.com',	NULL,	NULL,	'approved',	1,	0,	'2020-01-09',	163,	'2020-01-23',	NULL),
(644,	'ncartan@statholdings.com',	'Ammie',	'Husser',	'pending approval',	0,	0,	'2020-01-09',	NULL,	NULL,	NULL),
(645,	'bflosi@ganjaflex.com',	'Roxane',	'Lizama',	'pending approval',	0,	0,	'2020-01-10',	NULL,	NULL,	NULL),
(646,	'elary@lexiqvolax.com',	'Cammy',	'Hamilton',	'approved',	1,	0,	'2020-01-13',	NULL,	NULL,	NULL),
(647,	'agillaspie@golddex.com',	'Corinne',	'Schieler',	'pending approval',	0,	0,	'2020-01-13',	NULL,	NULL,	NULL),
(648,	'elary@lexiqvolax.com',	'Izetta',	'Monarrez',	'approved',	1,	0,	'2020-01-13',	NULL,	NULL,	NULL),
(649,	'lharoldson@rangreen.com',	'Cassi',	'Shire',	'approved',	1,	0,	'2020-01-14',	NULL,	NULL,	NULL),
(650,	'aboord@faxquote.com',	'Lili',	'Berray',	'approved',	1,	0,	'2020-01-14',	204,	'2020-05-25',	NULL),
(651,	'jpoquette@ron-tech.com',	'Raina',	'Karpel',	'approved',	1,	0,	'2020-01-14',	NULL,	NULL,	NULL),
(652,	'rauber@dambase.com',	'Arminda',	'Skulski',	'pending approval',	0,	0,	'2020-01-15',	NULL,	NULL,	NULL),
(653,	'lharoldson@rangreen.com',	'Alline',	'Nievas',	'approved',	1,	0,	'2020-01-15',	NULL,	NULL,	NULL),
(654,	'arulapaugh@zencorporation.com',	'Cristy',	'Bolognia',	'pending approval',	0,	0,	'2020-01-15',	NULL,	NULL,	NULL),
(655,	'cpagliuca@betasoloin.com',	'Virgie',	'Maisto',	'rejected',	0,	1,	'2020-01-16',	NULL,	NULL,	NULL),
(656,	'agillaspie@golddex.com',	NULL,	NULL,	'rejected',	0,	1,	'2020-01-16',	NULL,	NULL,	NULL),
(657,	'wmeteer@domzoom.com',	'Salena',	'Scipione',	'approved',	1,	0,	'2020-01-16',	NULL,	NULL,	NULL),
(658,	'etromblay@toughzap.com',	'Felix',	'Konopacki',	'rejected',	0,	1,	'2020-01-17',	NULL,	NULL,	NULL),
(659,	'icaldarera@yearin.com',	'Jose',	'Bolognia',	'pending approval',	0,	0,	'2020-01-20',	NULL,	NULL,	NULL),
(660,	'agillaspie@golddex.com',	'Gladys',	'Berlanga',	'pending approval',	0,	0,	'2020-01-20',	NULL,	NULL,	NULL),
(661,	'vlouissant@sunnamplex.com',	'Amie',	'Mondella',	'approved',	1,	0,	'2020-01-21',	193,	'2020-05-13',	NULL),
(662,	'troyster@kan-code.com',	'Dean',	'Meinerding',	'approved',	1,	0,	'2020-01-22',	NULL,	NULL,	NULL),
(663,	'trulapaugh@yearin.com',	'Glory',	'Schnitzler',	'pending approval',	0,	0,	'2020-01-22',	NULL,	NULL,	NULL),
(664,	'clawler@dontechi.com',	'Tiffiny',	'Lietz',	'pending approval',	0,	0,	'2020-01-23',	NULL,	NULL,	NULL),
(665,	'cpagliuca@betasoloin.com',	'Jutta',	'Saulter',	'approved',	1,	0,	'2020-01-23',	206,	'2020-05-26',	NULL),
(666,	'vkeener@kan-code.com',	'Charlene',	'Maclead',	'approved',	1,	0,	'2020-01-24',	NULL,	NULL,	NULL),
(667,	'dseewald@goodsilron.com',	NULL,	NULL,	'pending approval',	0,	0,	'2020-01-24',	NULL,	NULL,	NULL),
(668,	'aspickerman@green-plus.com',	'Erick',	'Radde',	'pending approval',	0,	0,	'2020-01-27',	NULL,	NULL,	NULL),
(669,	'kpatak@groovestreet.com',	'Fatima',	'Bitsuie',	'approved',	1,	0,	'2020-01-27',	187,	'2020-05-13',	NULL),
(670,	'jspickerman@y-corporation.com',	'Ilene',	'Threets',	'approved',	1,	0,	'2020-01-27',	195,	'2020-04-20',	NULL),
(671,	'kharnos@conecom.com',	'Cecilia',	'Gesick',	'approved',	1,	0,	'2020-01-28',	NULL,	NULL,	NULL),
(672,	'mhoopengardner@xx-holding.com',	NULL,	NULL,	'pending approval',	0,	0,	'2020-01-28',	NULL,	NULL,	NULL),
(673,	'dscipione@dambase.com',	'Loren',	'Rentfro',	'pending approval',	0,	0,	'2020-01-28',	NULL,	NULL,	NULL),
(674,	'cpaulas@opentech.com',	'Dorthy',	'Kines',	'approved',	1,	0,	'2020-01-29',	NULL,	NULL,	NULL),
(675,	'lbayless@sumace.com',	NULL,	NULL,	'approved',	1,	0,	'2020-01-29',	NULL,	NULL,	NULL),
(676,	'dangalich@donware.com',	'Marge',	'Mondella',	'pending approval',	0,	0,	'2020-01-29',	NULL,	NULL,	NULL),
(677,	'mskulski@sumace.com',	'Tiffiny',	'Modzelewski',	'pending approval',	0,	0,	'2020-01-30',	NULL,	NULL,	NULL),
(678,	'xdubaldi@iselectrics.com',	'Amber',	'Harnos',	'pending approval',	0,	0,	'2020-01-30',	NULL,	NULL,	NULL),
(679,	'jbuvens@plusstrip.com',	'Merissa',	'Weglarz',	'approved',	1,	0,	'2020-01-30',	NULL,	NULL,	NULL),
(680,	'estenseth@cancity.com',	'Jesusita',	'Kusko',	'pending approval',	0,	0,	'2020-01-31',	NULL,	NULL,	NULL),
(681,	'cmorasca@ganjaflex.com',	'Carey',	'Vanheusen',	'approved',	1,	0,	'2020-01-31',	NULL,	NULL,	NULL),
(682,	'kweglarz@streethex.com',	'Jennifer',	'Gwalthney',	'pending approval',	0,	0,	'2020-02-03',	NULL,	NULL,	NULL),
(683,	'lsteffensmeier@gogozoom.com',	'Mirta',	'Hamilton',	'approved',	1,	0,	'2020-02-03',	NULL,	NULL,	NULL),
(684,	'lkarpel@nam-zim.com',	'Rolande',	'Tegarden',	'pending approval',	0,	0,	'2020-02-04',	NULL,	NULL,	NULL),
(685,	'whamilton@opentech.com',	NULL,	NULL,	'pending approval',	0,	0,	'2020-02-04',	NULL,	NULL,	NULL),
(686,	'ebowley@ganjaflex.com',	'Dierdre',	'Darakjy',	'approved',	1,	0,	'2020-02-05',	NULL,	NULL,	NULL),
(687,	'rgarufi@bioplex.com',	'Talia',	'Nabours',	'approved',	1,	0,	'2020-02-06',	NULL,	NULL,	NULL),
(688,	'afigeroa@labdrill.com',	'Regenia',	'Daufeldt',	'pending approval',	0,	0,	'2020-02-06',	NULL,	NULL,	NULL),
(689,	'lsteffensmeier@gogozoom.com',	'Kallie',	'Strassner',	'rejected',	0,	1,	'2020-02-06',	NULL,	NULL,	NULL),
(690,	'mhoopengardner@xx-holding.com',	'Theodora',	'Zane',	'approved',	1,	0,	'2020-02-06',	NULL,	NULL,	NULL),
(691,	'aspickerman@green-plus.com',	'Colette',	'Lukasik',	'pending approval',	0,	0,	'2020-02-07',	NULL,	NULL,	NULL),
(692,	'hmenter@doncon.com',	'Carissa',	'Farrar',	'approved',	1,	0,	'2020-02-07',	NULL,	NULL,	NULL),
(693,	'nhaufler@zencorporation.com',	'Tyra',	'Aquas',	'pending approval',	0,	0,	'2020-02-10',	NULL,	NULL,	NULL),
(694,	'jdiscipio@singletechno.com',	'Virgina',	'Keener',	'pending approval',	0,	0,	'2020-02-10',	NULL,	NULL,	NULL),
(695,	'kbenimadho@donquadtech.com',	NULL,	NULL,	'approved',	1,	0,	'2020-02-10',	NULL,	NULL,	NULL),
(696,	'bflosi@ganjaflex.com',	'Ilene',	'Parlato',	'pending approval',	0,	0,	'2020-02-11',	NULL,	NULL,	NULL),
(697,	'jzurcher@domzoom.com',	'Ligia',	'Fallick',	'pending approval',	0,	0,	'2020-02-11',	NULL,	NULL,	NULL),
(698,	'msarao@newex.com',	'Shonda',	'Dubaldi',	'pending approval',	0,	0,	'2020-02-11',	NULL,	NULL,	NULL),
(699,	'lbayless@sumace.com',	'Samira',	'Mconnell',	'approved',	1,	0,	'2020-02-12',	NULL,	NULL,	NULL),
(700,	'mbolognia@finjob.com',	'Theodora',	'Reitler',	'approved',	1,	0,	'2020-02-12',	NULL,	NULL,	NULL),
(701,	'lstockham@j-texon.com',	'Theola',	'Madarang',	'pending approval',	0,	0,	'2020-02-13',	NULL,	NULL,	NULL),
(702,	'kmyricks@groovestreet.com',	'Thurman',	'Zepp',	'approved',	1,	0,	'2020-02-13',	NULL,	NULL,	NULL),
(703,	'egrenet@y-corporation.com',	'Vilma',	'Hixenbaugh',	'approved',	1,	0,	'2020-02-14',	NULL,	NULL,	NULL),
(704,	'awildfong@conecom.com',	'Timothy',	'Kines',	'pending approval',	0,	0,	'2020-02-14',	NULL,	NULL,	NULL),
(705,	'wstockham@zotware.com',	'Buddy',	'Berray',	'pending approval',	0,	0,	'2020-02-17',	NULL,	NULL,	NULL),
(706,	'kcraghead@sumace.com',	'Bernardine',	'Degroot',	'approved',	1,	0,	'2020-02-17',	NULL,	NULL,	NULL),
(707,	'cperruzza@doncon.com',	NULL,	NULL,	'approved',	1,	0,	'2020-02-17',	NULL,	NULL,	NULL),
(708,	'aoles@bioplex.com',	'Shawnda',	'Tegarden',	'approved',	1,	0,	'2020-02-18',	NULL,	NULL,	NULL),
(709,	'fdelasancha@inity.com',	'Keneth',	'Stenseth',	'pending approval',	0,	0,	'2020-02-18',	NULL,	NULL,	NULL),
(710,	'ldevreese@sonron.com',	'Kenneth',	'Juhas',	'approved',	1,	0,	'2020-02-19',	NULL,	NULL,	NULL),
(711,	'lbayless@sumace.com',	NULL,	NULL,	'approved',	1,	0,	'2020-02-19',	NULL,	NULL,	NULL),
(712,	'trulapaugh@yearin.com',	'Mitsue',	'Monarrez',	'approved',	1,	0,	'2020-02-20',	NULL,	NULL,	NULL),
(713,	'dseewald@goodsilron.com',	'Graciela',	'Rhym',	'approved',	1,	0,	'2020-02-20',	NULL,	NULL,	NULL),
(714,	'jdiscipio@singletechno.com',	'Teddy',	'Meteer',	'pending approval',	0,	0,	'2020-02-21',	NULL,	NULL,	NULL),
(715,	'lbayless@sumace.com',	'Hillary',	'Menter',	'rejected',	0,	1,	'2020-02-21',	NULL,	NULL,	NULL),
(716,	'cmorasca@ganjaflex.com',	NULL,	NULL,	'pending approval',	0,	0,	'2020-02-21',	NULL,	NULL,	NULL),
(717,	'ckippley@plussunin.com',	NULL,	NULL,	'rejected',	0,	1,	'2020-02-21',	NULL,	NULL,	NULL),
(718,	'kweglarz@streethex.com',	'Diane',	'Wenner',	'pending approval',	0,	0,	'2020-02-24',	NULL,	NULL,	NULL),
(719,	'etromblay@toughzap.com',	'Roslyn',	'Dilliard',	'pending approval',	0,	0,	'2020-02-25',	NULL,	NULL,	NULL),
(720,	'bpoullion@opentech.com',	'Deonna',	'Wenner',	'pending approval',	0,	0,	'2020-02-25',	NULL,	NULL,	NULL),
(721,	'fdelasancha@inity.com',	NULL,	NULL,	'pending approval',	0,	0,	'2020-02-26',	NULL,	NULL,	NULL),
(722,	'brestrepo@xx-holding.com',	'Lonny',	'Hiatt',	'pending approval',	0,	0,	'2020-02-26',	NULL,	NULL,	NULL),
(723,	'kbenimadho@donquadtech.com',	'Ligia',	'Campain',	'pending approval',	0,	0,	'2020-02-27',	NULL,	NULL,	NULL),
(724,	'creitler@silis.com',	'Dorothy',	'Kownacki',	'approved',	1,	0,	'2020-02-27',	NULL,	NULL,	NULL),
(725,	'lbayless@sumace.com',	NULL,	NULL,	'pending approval',	0,	0,	'2020-02-28',	NULL,	NULL,	NULL),
(726,	'ahusser@finhigh.com',	NULL,	NULL,	'pending approval',	0,	0,	'2020-02-28',	NULL,	NULL,	NULL),
(727,	'icaldarera@yearin.com',	'Vincenza',	'Bitsuie',	'approved',	1,	0,	'2020-02-28',	178,	'2020-03-19',	NULL),
(728,	'lmonarrez@goodsilron.com',	NULL,	NULL,	'approved',	1,	0,	'2020-03-02',	NULL,	NULL,	NULL),
(729,	'cpaulas@opentech.com',	'Daniela',	'Bruschke',	'pending approval',	0,	0,	'2020-03-02',	NULL,	NULL,	NULL),
(730,	'iferrario@plexzap.com',	'Lettie',	'Munns',	'pending approval',	0,	0,	'2020-03-02',	NULL,	NULL,	NULL),
(731,	'lkarpel@nam-zim.com',	'France',	'Martabano',	'rejected',	0,	1,	'2020-03-03',	NULL,	NULL,	NULL),
(732,	'snicka@year-job.com',	NULL,	NULL,	'approved',	1,	0,	'2020-03-03',	NULL,	NULL,	NULL),
(733,	'mskulski@sumace.com',	'Lonny',	'Ogg',	'pending approval',	0,	0,	'2020-03-03',	NULL,	NULL,	NULL),
(734,	'ggalam@ron-tech.com',	'Britt',	'Brucato',	'pending approval',	0,	0,	'2020-03-04',	NULL,	NULL,	NULL),
(735,	'mhoopengardner@xx-holding.com',	'Arlene',	'Ragel',	'pending approval',	0,	0,	'2020-03-04',	NULL,	NULL,	NULL),
(736,	'anievas@rangreen.com',	'Bulah',	'Sayaphon',	'approved',	1,	0,	'2020-03-05',	NULL,	NULL,	NULL),
(737,	'creitler@silis.com',	'Alecia',	'Schirpke',	'rejected',	0,	1,	'2020-03-05',	NULL,	NULL,	NULL),
(738,	'chirpara@rantouch.com',	'Mitzie',	'Turinetti',	'pending approval',	0,	0,	'2020-03-06',	NULL,	NULL,	NULL),
(739,	'ahusser@finhigh.com',	'Shonda',	'Waymire',	'approved',	1,	0,	'2020-03-09',	NULL,	NULL,	NULL),
(740,	'kcraghead@sumace.com',	NULL,	NULL,	'approved',	1,	0,	'2020-03-09',	NULL,	NULL,	NULL),
(741,	'trulapaugh@yearin.com',	'Elouise',	'Tromblay',	'approved',	1,	0,	'2020-03-09',	NULL,	NULL,	NULL),
(742,	'brhym@dambase.com',	'Maryann',	'Wardrip',	'pending approval',	0,	0,	'2020-03-09',	NULL,	NULL,	NULL),
(743,	'adenooyer@kinnamplus.com',	NULL,	NULL,	'approved',	1,	0,	'2020-03-10',	NULL,	NULL,	NULL),
(744,	'lharabedian@plussunin.com',	'Kristofer',	'Lapage',	'approved',	1,	0,	'2020-03-10',	NULL,	NULL,	NULL),
(745,	'msetter@fasehatice.com',	'Mollie',	'Steffensmeier',	'pending approval',	0,	0,	'2020-03-10',	NULL,	NULL,	NULL),
(746,	'kweglarz@streethex.com',	'Caprice',	'Keetch',	'approved',	1,	0,	'2020-03-10',	215,	'2020-06-09',	NULL),
(747,	'dgellinger@dambase.com',	'Beatriz',	'Flosi',	'pending approval',	0,	0,	'2020-03-11',	NULL,	NULL,	NULL),
(748,	'lpadilla@conecom.com',	NULL,	NULL,	'approved',	1,	0,	'2020-03-12',	NULL,	NULL,	NULL),
(749,	'estenseth@cancity.com',	'Donette',	'Rodeigues',	'approved',	1,	0,	'2020-03-13',	NULL,	NULL,	NULL),
(750,	'creitler@silis.com',	'Kaitlyn',	'Ventura',	'pending approval',	0,	0,	'2020-03-13',	NULL,	NULL,	NULL),
(751,	'lmunns@toughzap.com',	'Joseph',	'Borgman',	'rejected',	0,	1,	'2020-03-13',	NULL,	NULL,	NULL),
(752,	'troyster@kan-code.com',	'Estrella',	'Abdallah',	'rejected',	0,	1,	'2020-03-16',	NULL,	NULL,	NULL),
(753,	'jblackwood@dambase.com',	NULL,	NULL,	'pending approval',	0,	0,	'2020-03-17',	NULL,	NULL,	NULL),
(754,	'ckannady@dambase.com',	'Geoffrey',	'Chavous',	'approved',	1,	0,	'2020-03-17',	NULL,	NULL,	NULL),
(755,	'ckannady@dambase.com',	'Virgie',	'Parvis',	'pending approval',	0,	0,	'2020-03-18',	NULL,	NULL,	NULL),
(756,	'jdiscipio@singletechno.com',	'Noah',	'Munns',	'pending approval',	0,	0,	'2020-03-18',	NULL,	NULL,	NULL),
(757,	'ebachman@goodsilron.com',	'Cherry',	'Bolognia',	'pending approval',	0,	0,	'2020-03-18',	NULL,	NULL,	NULL),
(758,	'smeteer@dalttechnology.com',	'Glenn',	'Perruzza',	'approved',	1,	0,	'2020-03-19',	NULL,	NULL,	NULL),
(759,	'cyori@donware.com',	'Karl',	'Patak',	'rejected',	0,	1,	'2020-03-19',	NULL,	NULL,	NULL),
(760,	'loldroyd@hottechi.com',	'Shenika',	'Pawlowicz',	'approved',	1,	0,	'2020-03-20',	NULL,	NULL,	NULL),
(761,	'jacey@inity.com',	'Lenna',	'Wide',	'approved',	1,	0,	'2020-03-20',	NULL,	NULL,	NULL),
(762,	'ebachman@goodsilron.com',	'Edna',	'Brossart',	'pending approval',	0,	0,	'2020-03-23',	NULL,	NULL,	NULL),
(763,	'lmorocco@year-job.com',	'Cecily',	'Yglesias',	'approved',	1,	0,	'2020-03-23',	NULL,	NULL,	NULL),
(764,	'etromblay@toughzap.com',	NULL,	NULL,	'pending approval',	0,	0,	'2020-03-23',	NULL,	NULL,	NULL),
(765,	'traymo@scotfind.com',	'Hoa',	'Wenzinger',	'pending approval',	0,	0,	'2020-03-23',	NULL,	NULL,	NULL),
(766,	'bmastella@kan-code.com',	'Salome',	'Bubash',	'pending approval',	0,	0,	'2020-03-24',	NULL,	NULL,	NULL),
(767,	'ncartan@statholdings.com',	'Lai',	'Brucato',	'pending approval',	0,	0,	'2020-03-24',	NULL,	NULL,	NULL),
(768,	'lharoldson@rangreen.com',	'Kanisha',	'Wolny',	'approved',	1,	0,	'2020-03-25',	NULL,	NULL,	NULL),
(769,	'egrenet@y-corporation.com',	'Carmela',	'Kippley',	'rejected',	0,	1,	'2020-03-25',	NULL,	NULL,	NULL),
(770,	'dseewald@goodsilron.com',	'Krissy',	'Ahle',	'pending approval',	0,	0,	'2020-03-26',	NULL,	NULL,	NULL),
(771,	'cfelger@stanredtax.com',	'Lindsey',	'Vanausdal',	'pending approval',	0,	0,	'2020-03-26',	NULL,	NULL,	NULL),
(772,	'lnunlee@ron-tech.com',	'Portia',	'Julia',	'approved',	1,	0,	'2020-03-26',	NULL,	NULL,	NULL),
(773,	'hseewald@j-texon.com',	'Nieves',	'Blackwood',	'pending approval',	0,	0,	'2020-03-26',	NULL,	NULL,	NULL),
(774,	'jdiscipio@singletechno.com',	'Joni',	'Restrepo',	'pending approval',	0,	0,	'2020-03-27',	NULL,	NULL,	NULL),
(775,	'cpagliuca@betasoloin.com',	'Annelle',	'Gibes',	'pending approval',	0,	0,	'2020-03-27',	NULL,	NULL,	NULL),
(776,	'lnunlee@ron-tech.com',	'Deandrea',	'Varriano',	'approved',	1,	0,	'2020-03-30',	NULL,	NULL,	NULL),
(777,	'vlouissant@sunnamplex.com',	'Jade',	'Rhymes',	'pending approval',	0,	0,	'2020-03-30',	NULL,	NULL,	NULL),
(778,	'jkarpel@mathtouch.com',	'Lorrine',	'Karpel',	'pending approval',	0,	0,	'2020-03-31',	NULL,	NULL,	NULL),
(779,	'jacey@inity.com',	'Yoko',	'Nachor',	'pending approval',	0,	0,	'2020-03-31',	NULL,	NULL,	NULL),
(780,	'smeteer@dalttechnology.com',	'Marjory',	'Schmaltz',	'pending approval',	0,	0,	'2020-04-01',	NULL,	NULL,	NULL),
(781,	'rvanheusen@statholdings.com',	'Fernanda',	'Vonasek',	'rejected',	0,	1,	'2020-04-01',	NULL,	NULL,	NULL),
(782,	'cperruzza@doncon.com',	'Van',	'Good',	'pending approval',	0,	0,	'2020-04-01',	NULL,	NULL,	NULL),
(783,	'ebachman@goodsilron.com',	'Laurel',	'Gudroe',	'approved',	1,	0,	'2020-04-02',	NULL,	NULL,	NULL),
(784,	'egoldammer@scottech.com',	'Roosevelt',	'Shields',	'approved',	1,	0,	'2020-04-02',	NULL,	NULL,	NULL),
(785,	'cyori@donware.com',	'Salena',	'Rauser',	'pending approval',	0,	0,	'2020-04-03',	NULL,	NULL,	NULL),
(786,	'bdiestel@condax.com',	'Sheridan',	'Garufi',	'pending approval',	0,	0,	'2020-04-03',	NULL,	NULL,	NULL),
(787,	'lharoldson@rangreen.com',	'Claribel',	'Hagele',	'approved',	1,	0,	'2020-04-03',	NULL,	NULL,	NULL),
(788,	'lmunns@toughzap.com',	'Mariann',	'Corrington',	'pending approval',	0,	0,	'2020-04-06',	NULL,	NULL,	NULL),
(789,	'rauber@dambase.com',	NULL,	NULL,	'pending approval',	0,	0,	'2020-04-06',	NULL,	NULL,	NULL),
(790,	'lstockham@j-texon.com',	NULL,	NULL,	'rejected',	0,	1,	'2020-04-06',	NULL,	NULL,	NULL),
(791,	'ahusser@finhigh.com',	'Lavera',	'Halsey',	'pending approval',	0,	0,	'2020-04-07',	NULL,	NULL,	NULL),
(792,	'rgarufi@bioplex.com',	NULL,	NULL,	'approved',	1,	0,	'2020-04-07',	NULL,	NULL,	NULL),
(793,	'ladkin@domzoom.com',	'Pamella',	'Schnitzler',	'pending approval',	0,	0,	'2020-04-08',	NULL,	NULL,	NULL),
(794,	'esaylors@y-corporation.com',	'Rima',	'Beech',	'pending approval',	0,	0,	'2020-04-08',	NULL,	NULL,	NULL),
(795,	'egoldammer@scottech.com',	'Peggie',	'Gudroe',	'pending approval',	0,	0,	'2020-04-08',	NULL,	NULL,	NULL),
(796,	'lharoldson@rangreen.com',	'Daron',	'Hoa',	'pending approval',	0,	0,	'2020-04-09',	NULL,	NULL,	NULL),
(797,	'aboord@faxquote.com',	'Theola',	'Chesterfield',	'approved',	1,	0,	'2020-04-09',	NULL,	NULL,	NULL),
(798,	'chagele@zencorporation.com',	NULL,	NULL,	'pending approval',	0,	0,	'2020-04-09',	NULL,	NULL,	NULL),
(799,	'lpadilla@conecom.com',	'Sabra',	'Rochin',	'pending approval',	0,	0,	'2020-04-10',	NULL,	NULL,	NULL),
(800,	'mskulski@sumace.com',	'Brittni',	'Mastella',	'pending approval',	0,	0,	'2020-04-13',	NULL,	NULL,	NULL),
(801,	'jbuvens@plusstrip.com',	'Novella',	'Lindall',	'pending approval',	0,	0,	'2020-04-13',	NULL,	NULL,	NULL),
(802,	'gkines@inity.com',	NULL,	NULL,	'pending approval',	0,	0,	'2020-04-14',	NULL,	NULL,	NULL),
(803,	'etromblay@toughzap.com',	'Heike',	'Weirather',	'pending approval',	0,	0,	'2020-04-15',	NULL,	NULL,	NULL),
(804,	'lharabedian@plussunin.com',	'Sheridan',	'Abdallah',	'pending approval',	0,	0,	'2020-04-15',	NULL,	NULL,	NULL),
(805,	'lflister@hottechi.com',	'Celeste',	'Greenbush',	'rejected',	0,	1,	'2020-04-15',	NULL,	NULL,	NULL),
(806,	'mreitler@fasehatice.com',	'Vincenza',	'Keneipp',	'approved',	1,	0,	'2020-04-16',	NULL,	NULL,	NULL),
(807,	'ltheodorov@opentech.com',	'Selma',	'Wiklund',	'pending approval',	0,	0,	'2020-04-16',	NULL,	NULL,	NULL),
(808,	'dseewald@goodsilron.com',	'Shalon',	'Sama',	'pending approval',	0,	0,	'2020-04-17',	NULL,	NULL,	NULL),
(809,	'dgellinger@dambase.com',	'Marvel',	'Nachor',	'pending approval',	0,	0,	'2020-04-17',	NULL,	NULL,	NULL),
(810,	'lflister@hottechi.com',	'Kris',	'Pedrozo',	'approved',	1,	0,	'2020-04-20',	NULL,	NULL,	NULL),
(811,	'jpoquette@ron-tech.com',	NULL,	NULL,	'pending approval',	0,	0,	'2020-04-20',	NULL,	NULL,	NULL),
(812,	'anievas@rangreen.com',	'Scarlet',	'Ruta',	'pending approval',	0,	0,	'2020-04-20',	NULL,	NULL,	NULL),
(813,	'cmorasca@ganjaflex.com',	'Larae',	'Iturbide',	'pending approval',	0,	0,	'2020-04-21',	NULL,	NULL,	NULL),
(814,	'kbenimadho@donquadtech.com',	'Ma',	'Maisto',	'pending approval',	0,	0,	'2020-04-21',	NULL,	NULL,	NULL),
(815,	'vlouissant@sunnamplex.com',	NULL,	NULL,	'pending approval',	0,	0,	'2020-04-21',	NULL,	NULL,	NULL),
(816,	'bmastella@kan-code.com',	NULL,	NULL,	'approved',	1,	0,	'2020-04-21',	NULL,	NULL,	NULL),
(817,	'aoles@bioplex.com',	NULL,	NULL,	'pending approval',	0,	0,	'2020-04-22',	NULL,	NULL,	NULL),
(818,	'rauber@dambase.com',	'Izetta',	'Jacobos',	'pending approval',	0,	0,	'2020-04-22',	NULL,	NULL,	NULL),
(819,	'ahoogland@y-corporation.com',	'Albina',	'Spickerman',	'pending approval',	0,	0,	'2020-04-23',	NULL,	NULL,	NULL),
(820,	'vlouissant@sunnamplex.com',	'Francine',	'Gesick',	'pending approval',	0,	0,	'2020-04-23',	NULL,	NULL,	NULL),
(821,	'brestrepo@xx-holding.com',	'Galen',	'Kohnert',	'approved',	1,	0,	'2020-04-24',	NULL,	NULL,	NULL),
(822,	'cpugh@domzoom.com',	'Carmela',	'Sweely',	'pending approval',	0,	0,	'2020-04-24',	NULL,	NULL,	NULL),
(823,	'creitler@silis.com',	'Roosevelt',	'Loader',	'approved',	1,	0,	'2020-04-27',	NULL,	NULL,	NULL),
(824,	'hcallaro@cancity.com',	'Tamar',	'Wrinkles',	'pending approval',	0,	0,	'2020-04-27',	NULL,	NULL,	NULL),
(825,	'hcallaro@cancity.com',	'Stephane',	'Hoogland',	'pending approval',	0,	0,	'2020-04-27',	NULL,	NULL,	NULL),
(826,	'gschnitzler@y-corporation.com',	'Jesusita',	'Dopico',	'pending approval',	0,	0,	'2020-04-28',	NULL,	NULL,	NULL),
(827,	'smeteer@dalttechnology.com',	'Alyce',	'Ostrosky',	'approved',	1,	0,	'2020-04-28',	224,	'2020-06-26',	NULL),
(828,	'bmastella@kan-code.com',	'Carlee',	'Paulas',	'pending approval',	0,	0,	'2020-04-28',	NULL,	NULL,	NULL),
(829,	'bsengbusch@singletechno.com',	'Tasia',	'Tegarden',	'pending approval',	0,	0,	'2020-04-29',	NULL,	NULL,	NULL),
(830,	'ckannady@dambase.com',	'Rasheeda',	'Smith',	'pending approval',	0,	0,	'2020-04-29',	NULL,	NULL,	NULL),
(831,	'ncartan@statholdings.com',	'Rhea',	'Samu',	'approved',	1,	0,	'2020-04-29',	NULL,	NULL,	NULL),
(832,	'kbreland@year-job.com',	'Jutta',	'Hidvegi',	'pending approval',	0,	0,	'2020-04-29',	NULL,	NULL,	NULL),
(833,	'amiceli@blackzim.com',	'Kristeen',	'Haroldson',	'pending approval',	0,	0,	'2020-04-30',	NULL,	NULL,	NULL),
(834,	'kpatak@groovestreet.com',	'Gail',	'Restrepo',	'pending approval',	0,	0,	'2020-04-30',	NULL,	NULL,	NULL),
(835,	'cscipione@kan-code.com',	'Glendora',	'Scheyer',	'pending approval',	0,	0,	'2020-04-30',	NULL,	NULL,	NULL),
(836,	'rgarufi@bioplex.com',	NULL,	NULL,	'rejected',	0,	1,	'2020-05-01',	NULL,	NULL,	NULL),
(837,	'jrestrepo@konmatfix.com',	'Freeman',	'Wide',	'pending approval',	0,	0,	'2020-05-01',	NULL,	NULL,	NULL),
(838,	'clawler@dontechi.com',	'Catalina',	'Kannady',	'pending approval',	0,	0,	'2020-05-01',	NULL,	NULL,	NULL),
(839,	'dangalich@donware.com',	'Willard',	'Asar',	'pending approval',	0,	0,	'2020-05-04',	NULL,	NULL,	NULL),
(840,	'chagele@zencorporation.com',	'Josephine',	'Turinetti',	'pending approval',	0,	0,	'2020-05-04',	NULL,	NULL,	NULL),
(841,	'ndenooyer@statholdings.com',	NULL,	NULL,	'pending approval',	0,	0,	'2020-05-04',	NULL,	NULL,	NULL),
(842,	'aostolaza@finjob.com',	'Jani',	'Tolfree',	'approved',	1,	0,	'2020-05-05',	NULL,	NULL,	NULL),
(843,	'ncartan@statholdings.com',	'Thaddeus',	'Palaia',	'approved',	1,	0,	'2020-05-05',	NULL,	NULL,	NULL),
(844,	'rhollack@plexzap.com',	'Bernardo',	'Schnitzler',	'pending approval',	0,	0,	'2020-05-05',	NULL,	NULL,	NULL),
(845,	'dseewald@goodsilron.com',	'Margart',	'Barfield',	'pending approval',	0,	0,	'2020-05-06',	NULL,	NULL,	NULL),
(846,	'bsengbusch@singletechno.com',	NULL,	NULL,	'pending approval',	0,	0,	'2020-05-06',	NULL,	NULL,	NULL),
(847,	'jdiscipio@singletechno.com',	'Shalon',	'Canlas',	'pending approval',	0,	0,	'2020-05-06',	NULL,	NULL,	NULL),
(848,	'egrenet@y-corporation.com',	NULL,	NULL,	'approved',	1,	0,	'2020-05-06',	NULL,	NULL,	NULL),
(849,	'vkeener@kan-code.com',	NULL,	NULL,	'pending approval',	0,	0,	'2020-05-07',	NULL,	NULL,	NULL),
(850,	'cpugh@domzoom.com',	'Tresa',	'Schemmer',	'pending approval',	0,	0,	'2020-05-07',	NULL,	NULL,	NULL),
(851,	'ckannady@dambase.com',	NULL,	NULL,	'pending approval',	0,	0,	'2020-05-07',	NULL,	NULL,	NULL),
(852,	'etromblay@toughzap.com',	'Amie',	'Juvera',	'rejected',	0,	1,	'2020-05-08',	NULL,	NULL,	NULL),
(853,	'mhollack@scottech.com',	NULL,	NULL,	'pending approval',	0,	0,	'2020-05-08',	NULL,	NULL,	NULL),
(854,	'esaylors@groovestreet.com',	'Kimbery',	'Paprocki',	'pending approval',	0,	0,	'2020-05-11',	NULL,	NULL,	NULL),
(855,	'dgellinger@dambase.com',	'Felicidad',	'Munns',	'pending approval',	0,	0,	'2020-05-11',	NULL,	NULL,	NULL),
(856,	'loldroyd@hottechi.com',	'Tarra',	'Gibes',	'pending approval',	0,	0,	'2020-05-12',	NULL,	NULL,	NULL),
(857,	'jdiscipio@singletechno.com',	NULL,	NULL,	'pending approval',	0,	0,	'2020-05-12',	NULL,	NULL,	NULL),
(858,	'ggalam@ron-tech.com',	NULL,	NULL,	'pending approval',	0,	0,	'2020-05-12',	NULL,	NULL,	NULL),
(859,	'ttromblay@dontechi.com',	NULL,	NULL,	'pending approval',	0,	0,	'2020-05-13',	NULL,	NULL,	NULL),
(860,	'lpadilla@conecom.com',	'Jutta',	'Kusko',	'pending approval',	0,	0,	'2020-05-13',	NULL,	NULL,	NULL),
(861,	'lkippley@golddex.com',	'Charlene',	'Jacobos',	'pending approval',	0,	0,	'2020-05-14',	NULL,	NULL,	NULL),
(862,	'troyster@kan-code.com',	'Viola',	'Ruta',	'approved',	1,	0,	'2020-05-14',	NULL,	NULL,	NULL),
(863,	'smeteer@dalttechnology.com',	'Alline',	'Fortino',	'pending approval',	0,	0,	'2020-05-15',	NULL,	NULL,	NULL),
(864,	'oflosi@betatech.com',	'Jennie',	'Nachor',	'rejected',	0,	1,	'2020-05-15',	NULL,	NULL,	NULL),
(865,	'aoles@bioplex.com',	'Lai',	'Nunlee',	'pending approval',	0,	0,	'2020-05-18',	NULL,	NULL,	NULL),
(866,	'afigeroa@labdrill.com',	'Aja',	'Konopacki',	'pending approval',	0,	0,	'2020-05-18',	NULL,	NULL,	NULL),
(867,	'lkarpel@nam-zim.com',	'Billye',	'Scheyer',	'pending approval',	0,	0,	'2020-05-18',	NULL,	NULL,	NULL),
(868,	'hmenter@doncon.com',	'Gilma',	'Harabedian',	'pending approval',	0,	0,	'2020-05-19',	NULL,	NULL,	NULL),
(869,	'ckannady@dambase.com',	'Cristy',	'Eroman',	'pending approval',	0,	0,	'2020-05-19',	NULL,	NULL,	NULL),
(870,	'mhollack@scottech.com',	'Justine',	'Albares',	'pending approval',	0,	0,	'2020-05-19',	NULL,	NULL,	NULL),
(871,	'liturbide@dontechi.com',	'Iluminada',	'Matuszak',	'pending approval',	0,	0,	'2020-05-20',	NULL,	NULL,	NULL),
(872,	'jrestrepo@konmatfix.com',	'Kristeen',	'Munis',	'pending approval',	0,	0,	'2020-05-20',	NULL,	NULL,	NULL),
(873,	'lmunns@toughzap.com',	'Abel',	'Arceo',	'pending approval',	0,	0,	'2020-05-20',	NULL,	NULL,	NULL),
(874,	'kpedrozo@kan-code.com',	'Laticia',	'Brossart',	'pending approval',	0,	0,	'2020-05-20',	NULL,	NULL,	NULL),
(875,	'jmirafuentes@rangreen.com',	'Scarlet',	'Cronauer',	'pending approval',	0,	0,	'2020-05-21',	NULL,	NULL,	NULL),
(876,	'rgarufi@bioplex.com',	'Raymon',	'Bilden',	'pending approval',	0,	0,	'2020-05-21',	NULL,	NULL,	NULL),
(877,	'dgellinger@dambase.com',	'Teddy',	'Pagliuca',	'approved',	1,	0,	'2020-05-22',	NULL,	NULL,	NULL),
(878,	'dgellinger@dambase.com',	'Shawnda',	'Centini',	'pending approval',	0,	0,	'2020-05-25',	NULL,	NULL,	NULL),
(879,	'lschoeneck@streethex.com',	'Carmela',	'Pugh',	'pending approval',	0,	0,	'2020-05-26',	NULL,	NULL,	NULL),
(880,	'dgellinger@dambase.com',	'Carmela',	'Hauenstein',	'pending approval',	0,	0,	'2020-05-26',	NULL,	NULL,	NULL),
(881,	'ttromblay@dontechi.com',	'Elly',	'Fritz',	'pending approval',	0,	0,	'2020-05-27',	NULL,	NULL,	NULL),
(882,	'jrestrepo@konmatfix.com',	'Gearldine',	'Ahle',	'pending approval',	0,	0,	'2020-05-27',	NULL,	NULL,	NULL),
(883,	'egrenet@y-corporation.com',	'Taryn',	'Meisel',	'approved',	1,	0,	'2020-05-28',	NULL,	NULL,	NULL),
(884,	'cpagliuca@betasoloin.com',	'Lizette',	'Hengel',	'approved',	1,	0,	'2020-05-28',	NULL,	NULL,	NULL),
(885,	'lkarpel@nam-zim.com',	'Sharen',	'Brucato',	'pending approval',	0,	0,	'2020-05-29',	NULL,	NULL,	NULL),
(886,	'rgarufi@bioplex.com',	'Trinidad',	'Vanausdal',	'pending approval',	0,	0,	'2020-05-29',	NULL,	NULL,	NULL),
(887,	'rgarufi@bioplex.com',	'Ligia',	'Darakjy',	'pending approval',	0,	0,	'2020-05-29',	NULL,	NULL,	NULL),
(888,	'oflosi@betatech.com',	'Ammie',	'Hoogland',	'pending approval',	0,	0,	'2020-06-01',	NULL,	NULL,	NULL),
(889,	'bdiestel@condax.com',	'Viola',	'Sarao',	'pending approval',	0,	0,	'2020-06-02',	NULL,	NULL,	NULL),
(890,	'ldevreese@sonron.com',	'Laurel',	'Buzick',	'pending approval',	0,	0,	'2020-06-02',	NULL,	NULL,	NULL),
(891,	'xdubaldi@iselectrics.com',	NULL,	NULL,	'pending approval',	0,	0,	'2020-06-03',	NULL,	NULL,	NULL),
(892,	'bflosi@ganjaflex.com',	'Junita',	'Farrow',	'rejected',	0,	1,	'2020-06-03',	NULL,	NULL,	NULL),
(893,	'egrenet@y-corporation.com',	'Rory',	'Bennick',	'approved',	1,	0,	'2020-06-04',	NULL,	NULL,	NULL),
(894,	'cyori@donware.com',	'Elvera',	'Barfield',	'pending approval',	0,	0,	'2020-06-04',	NULL,	NULL,	NULL),
(895,	'ehirpara@sunnamplex.com',	'Lizette',	'Ehmann',	'pending approval',	0,	0,	'2020-06-05',	NULL,	NULL,	NULL),
(896,	'kpatak@groovestreet.com',	'Cassi',	'Wenzinger',	'pending approval',	0,	0,	'2020-06-05',	NULL,	NULL,	NULL),
(897,	'ltheodorov@opentech.com',	'Laticia',	'Worlds',	'pending approval',	0,	0,	'2020-06-08',	NULL,	NULL,	NULL),
(898,	'mhollack@scottech.com',	'Erick',	'Lary',	'pending approval',	0,	0,	'2020-06-08',	NULL,	NULL,	NULL),
(899,	'adenooyer@kinnamplus.com',	'Lauran',	'Agramonte',	'pending approval',	0,	0,	'2020-06-09',	NULL,	NULL,	NULL),
(900,	'mbolognia@finjob.com',	'Rolland',	'Pontoriero',	'pending approval',	0,	0,	'2020-06-09',	NULL,	NULL,	NULL),
(901,	'egrenet@y-corporation.com',	'Gail',	'Ogg',	'pending approval',	0,	0,	'2020-06-09',	NULL,	NULL,	NULL),
(902,	'brhym@dambase.com',	'Kirk',	'Wiklund',	'pending approval',	0,	0,	'2020-06-10',	NULL,	NULL,	NULL),
(903,	'hmenter@doncon.com',	'Lashon',	'Abdallah',	'pending approval',	0,	0,	'2020-06-10',	NULL,	NULL,	NULL),
(904,	'lmonarrez@goodsilron.com',	'Mitsue',	'Pinilla',	'pending approval',	0,	0,	'2020-06-10',	NULL,	NULL,	NULL),
(905,	'wstockham@zotware.com',	'Gayla',	'Mcrae',	'pending approval',	0,	0,	'2020-06-10',	NULL,	NULL,	NULL),
(906,	'cperruzza@doncon.com',	NULL,	NULL,	'pending approval',	0,	0,	'2020-06-11',	NULL,	NULL,	NULL),
(907,	'ahoogland@doncon.com',	'Helene',	'Bruschke',	'pending approval',	0,	0,	'2020-06-11',	NULL,	NULL,	NULL),
(908,	'esaylors@groovestreet.com',	'Goldie',	'Halter',	'pending approval',	0,	0,	'2020-06-12',	NULL,	NULL,	NULL),
(909,	'vkeener@kan-code.com',	NULL,	NULL,	'approved',	1,	0,	'2020-06-12',	NULL,	NULL,	NULL),
(910,	'nhiatt@plexzap.com',	'Jenelle',	'Ventura',	'pending approval',	0,	0,	'2020-06-12',	NULL,	NULL,	NULL),
(911,	'oflosi@betatech.com',	'Thurman',	'Maybury',	'pending approval',	0,	0,	'2020-06-15',	NULL,	NULL,	NULL),
(912,	'kpatak@groovestreet.com',	'Rozella',	'Degonia',	'pending approval',	0,	0,	'2020-06-15',	NULL,	NULL,	NULL),
(913,	'aostolaza@finjob.com',	'Cathrine',	'Saulter',	'pending approval',	0,	0,	'2020-06-15',	NULL,	NULL,	NULL),
(914,	'cpugh@domzoom.com',	'Amie',	'Tolfree',	'pending approval',	0,	0,	'2020-06-15',	NULL,	NULL,	NULL),
(915,	'gkines@inity.com',	NULL,	NULL,	'pending approval',	0,	0,	'2020-06-16',	NULL,	NULL,	NULL),
(916,	'rbourbon@lexiqvolax.com',	'Joanna',	'Merced',	'pending approval',	0,	0,	'2020-06-16',	NULL,	NULL,	NULL),
(917,	'egoldammer@scottech.com',	'Diane',	'Staback',	'pending approval',	0,	0,	'2020-06-17',	NULL,	NULL,	NULL),
(918,	'rtegarden@donquadtech.com',	'Sage',	'Mconnell',	'pending approval',	0,	0,	'2020-06-18',	NULL,	NULL,	NULL),
(919,	'lharabedian@plussunin.com',	NULL,	NULL,	'pending approval',	0,	0,	'2020-06-18',	NULL,	NULL,	NULL),
(920,	'cfelger@stanredtax.com',	'Antione',	'Oles',	'pending approval',	0,	0,	'2020-06-18',	NULL,	NULL,	NULL),
(921,	'mreitler@fasehatice.com',	'Cecilia',	'Amigon',	'pending approval',	0,	0,	'2020-06-19',	NULL,	NULL,	NULL),
(922,	'nhaufler@zencorporation.com',	NULL,	NULL,	'pending approval',	0,	0,	'2020-06-19',	NULL,	NULL,	NULL),
(923,	'ebachman@goodsilron.com',	'Jennifer',	'Honeywell',	'pending approval',	0,	0,	'2020-06-22',	NULL,	NULL,	NULL),
(924,	'jpoquette@ron-tech.com',	'Harrison',	'Korando',	'pending approval',	0,	0,	'2020-06-22',	NULL,	NULL,	NULL),
(925,	'cfelger@stanredtax.com',	'Danica',	'Bilden',	'pending approval',	0,	0,	'2020-06-22',	NULL,	NULL,	NULL),
(926,	'brhym@dambase.com',	'Laurel',	'Kippley',	'pending approval',	0,	0,	'2020-06-23',	NULL,	NULL,	NULL),
(927,	'ajuvera@groovestreet.com',	'Alaine',	'Pawlowicz',	'pending approval',	0,	0,	'2020-06-23',	NULL,	NULL,	NULL),
(928,	'troyster@kan-code.com',	'Sage',	'Sweely',	'pending approval',	0,	0,	'2020-06-24',	NULL,	NULL,	NULL),
(929,	'acoyier@hottechi.com',	'Salena',	'Lukasik',	'pending approval',	0,	0,	'2020-06-24',	NULL,	NULL,	NULL),
(930,	'rhollack@plexzap.com',	'Izetta',	'Caldarera',	'pending approval',	0,	0,	'2020-06-24',	NULL,	NULL,	NULL),
(931,	'ttromblay@dontechi.com',	NULL,	NULL,	'pending approval',	0,	0,	'2020-06-25',	NULL,	NULL,	NULL),
(932,	'cperruzza@doncon.com',	'Mollie',	'Venere',	'pending approval',	0,	0,	'2020-06-26',	NULL,	NULL,	NULL),
(933,	'jrestrepo@konmatfix.com',	'Kate',	'Ragel',	'pending approval',	0,	0,	'2020-06-26',	NULL,	NULL,	NULL);

DROP TABLE IF EXISTS `Belong`;
CREATE TABLE `Belong` (
  `dogID` int unsigned NOT NULL,
  `breedID` int unsigned NOT NULL,
  PRIMARY KEY (`dogID`,`breedID`),
  KEY `fk_Belong_breedID_Breed_breedID` (`breedID`),
  CONSTRAINT `fk_Belong_breedID_Breed_breedID` FOREIGN KEY (`breedID`) REFERENCES `Breed` (`breedID`),
  CONSTRAINT `fk_Belong_dogID_dog_dogID` FOREIGN KEY (`dogID`) REFERENCES `Dog` (`dogID`)
) ;

INSERT INTO `Belong` (`dogID`, `breedID`) VALUES
(1,	1),
(86,	1),
(1,	2),
(36,	2),
(102,	2),
(2,	3),
(191,	3),
(2,	4),
(202,	4),
(3,	5),
(21,	5),
(159,	5),
(165,	5),
(176,	5),
(4,	6),
(5,	7),
(5,	8),
(34,	8),
(96,	8),
(5,	9),
(6,	10),
(158,	10),
(204,	10),
(6,	11),
(19,	11),
(7,	12),
(8,	13),
(79,	13),
(124,	13),
(9,	14),
(111,	14),
(10,	15),
(11,	16),
(12,	17),
(12,	18),
(13,	19),
(15,	19),
(34,	19),
(105,	19),
(193,	19),
(13,	20),
(13,	21),
(91,	21),
(14,	22),
(220,	22),
(16,	23),
(30,	23),
(17,	24),
(51,	24),
(17,	25),
(18,	26),
(24,	26),
(18,	27),
(163,	27),
(19,	28),
(196,	28),
(19,	29),
(49,	29),
(106,	29),
(20,	30),
(172,	30),
(21,	31),
(177,	31),
(21,	32),
(153,	32),
(156,	32),
(185,	32),
(21,	33),
(156,	33),
(169,	33),
(171,	33),
(22,	34),
(54,	34),
(198,	34),
(22,	35),
(85,	35),
(23,	36),
(24,	37),
(33,	37),
(113,	37),
(25,	38),
(25,	39),
(203,	39),
(26,	40),
(26,	41),
(42,	41),
(27,	42),
(90,	42),
(129,	42),
(27,	43),
(88,	43),
(167,	43),
(28,	44),
(28,	45),
(104,	45),
(29,	46),
(50,	46),
(109,	46),
(30,	47),
(31,	48),
(131,	48),
(149,	48),
(31,	49),
(32,	50),
(50,	50),
(33,	51),
(33,	52),
(159,	52),
(188,	52),
(35,	53),
(36,	54),
(37,	55),
(73,	55),
(137,	55),
(38,	56),
(68,	56),
(39,	57),
(42,	57),
(179,	57),
(40,	58),
(40,	59),
(84,	59),
(94,	59),
(184,	59),
(40,	60),
(66,	60),
(41,	61),
(157,	61),
(43,	62),
(44,	63),
(90,	63),
(202,	63),
(44,	64),
(45,	65),
(168,	65),
(46,	66),
(65,	66),
(47,	67),
(48,	68),
(49,	69),
(51,	70),
(52,	71),
(178,	71),
(201,	71),
(53,	72),
(60,	72),
(221,	72),
(55,	73),
(56,	74),
(133,	74),
(57,	75),
(58,	76),
(59,	77),
(117,	77),
(138,	77),
(59,	78),
(103,	78),
(144,	78),
(61,	79),
(62,	80),
(92,	80),
(132,	80),
(134,	80),
(62,	81),
(216,	81),
(223,	81),
(63,	82),
(76,	82),
(119,	82),
(128,	82),
(64,	83),
(69,	83),
(143,	83),
(201,	83),
(64,	84),
(82,	84),
(66,	85),
(210,	85),
(67,	86),
(68,	86),
(67,	87),
(203,	87),
(67,	88),
(170,	88),
(70,	89),
(165,	89),
(71,	90),
(165,	90),
(180,	90),
(224,	90),
(71,	91),
(72,	92),
(124,	92),
(74,	93),
(75,	94),
(75,	95),
(93,	95),
(182,	95),
(187,	95),
(77,	96),
(78,	96),
(79,	97),
(127,	97),
(80,	98),
(81,	99),
(83,	100),
(84,	100),
(98,	100),
(83,	101),
(197,	101),
(84,	102),
(139,	102),
(192,	102),
(85,	103),
(87,	104),
(88,	105),
(116,	105),
(89,	106),
(184,	106),
(208,	106),
(90,	107),
(92,	108),
(171,	108),
(212,	108),
(93,	109),
(147,	109),
(94,	110),
(135,	110),
(143,	110),
(95,	111),
(141,	111),
(95,	112),
(126,	112),
(97,	113),
(98,	114),
(145,	114),
(99,	115),
(135,	115),
(100,	116),
(100,	117),
(101,	118),
(138,	118),
(214,	118),
(103,	119),
(204,	119),
(104,	120),
(107,	121),
(201,	121),
(222,	121),
(107,	122),
(145,	122),
(108,	123),
(109,	124),
(110,	125),
(130,	125),
(112,	126),
(114,	127),
(120,	127),
(123,	127),
(218,	127),
(115,	128),
(139,	128),
(118,	129),
(121,	130),
(149,	130),
(189,	130),
(122,	131),
(124,	132),
(125,	133),
(141,	133),
(169,	133),
(126,	134),
(127,	135),
(129,	136),
(132,	137),
(133,	138),
(134,	139),
(135,	140),
(162,	140),
(175,	140),
(136,	141),
(137,	142),
(181,	142),
(138,	143),
(140,	144),
(142,	145),
(146,	146),
(148,	147),
(150,	148),
(151,	149),
(152,	150),
(154,	151),
(155,	152),
(183,	152),
(155,	153),
(164,	153),
(200,	153),
(160,	154),
(166,	154),
(161,	155),
(164,	156),
(171,	156),
(219,	156),
(166,	157),
(195,	157),
(167,	158),
(167,	159),
(170,	160),
(173,	161),
(174,	162),
(213,	162),
(174,	163),
(175,	164),
(186,	165),
(188,	166),
(190,	167),
(193,	168),
(194,	169),
(194,	170),
(198,	171),
(205,	171),
(199,	172),
(203,	173),
(206,	174),
(207,	175),
(207,	176),
(211,	176),
(209,	177),
(209,	178),
(210,	179),
(215,	180),
(216,	181),
(217,	182),
(217,	183),
(221,	184);

DROP TABLE IF EXISTS `Breed`;
CREATE TABLE `Breed` (
  `breedID` int unsigned NOT NULL AUTO_INCREMENT,
  `name` varchar(50) NOT NULL,
  PRIMARY KEY (`breedID`),
  UNIQUE KEY `name` (`name`)
) ;

INSERT INTO `Breed` (`breedID`, `name`) VALUES
(143,	'Affenpinscher'),
(100,	'Afghan Hound'),
(34,	'Airedale Terrier'),
(107,	'Akbash Dog'),
(121,	'Akita'),
(187,	'Alapaha Blue Blood Bulldog'),
(106,	'Alaskan Husky'),
(12,	'Alaskan Malamute'),
(54,	'American Bulldog'),
(150,	'American Eskimo'),
(182,	'American Foxhound'),
(136,	'American Pit Bull Terrier'),
(51,	'American Staffordshire Terrier'),
(131,	'American Water Spaniel'),
(57,	'Anatolian Shepherd Dog'),
(99,	'Aussiedoodle'),
(189,	'Australian Cattle Dog'),
(145,	'Australian Kelpie'),
(166,	'Australian Shepherd'),
(148,	'Australian Terrier'),
(94,	'Azawakh'),
(23,	'Basador'),
(50,	'Basenji'),
(190,	'Basset Bleu de Gascogne'),
(191,	'Basset Hound'),
(36,	'Beagle'),
(169,	'Bearded Collie'),
(192,	'Beauceron'),
(172,	'Bedlington Terrier'),
(26,	'Belgian Laekenois'),
(116,	'Belgian Malinois'),
(193,	'Belgian Sheepdog'),
(194,	'Belgian Tervuren'),
(122,	'Bergamasco'),
(66,	'Berger Picard'),
(195,	'Bernese Mountain Dog'),
(196,	'Bichon Frise'),
(152,	'Black and Tan Coonhound'),
(170,	'Black Russian Terrier'),
(181,	'Bloodhound'),
(1,	'Blue Picardy Spaniel'),
(197,	'Bluetick Coonhound'),
(164,	'Boerboel'),
(10,	'Bolognese'),
(79,	'Border Collie'),
(47,	'Border Terrier'),
(38,	'Borzoi'),
(198,	'Boston Terrier'),
(199,	'Bouvier des Flandres'),
(200,	'Boxer'),
(173,	'Boykin Spaniel'),
(132,	'Bracco Italiano'),
(82,	'Briard'),
(111,	'Brittany'),
(97,	'Brussels Griffon'),
(184,	'Bull Terrier'),
(186,	'Bulldog'),
(19,	'Bullmastiff'),
(63,	'Cairn Terrier'),
(71,	'Canaan Dog'),
(76,	'Cane Corso'),
(42,	'Cardigan Welsh Corgi'),
(162,	'Catahoula Leopard Dog'),
(74,	'Caucasian Ovcharka'),
(31,	'Cavalier King Charles Spaniel'),
(201,	'Cavapom'),
(14,	'Cavapoo'),
(202,	'Cesky Terrier'),
(175,	'Chart Polski'),
(40,	'Chesapeake Bay Retriever'),
(46,	'Chihuahua'),
(156,	'Chinese Crested'),
(203,	'Chinese Shar-Pei'),
(126,	'Chinook'),
(90,	'Chow Chow'),
(69,	'Chug'),
(204,	'Cirneco dell\'Etna'),
(167,	'Clumber Spaniel'),
(28,	'Cockapoo'),
(7,	'Cocker Spaniel'),
(133,	'Collie'),
(205,	'Coton de Tulear'),
(206,	'Curly-Coated Retriever'),
(137,	'Dachshund'),
(120,	'Dalmatian'),
(22,	'Dandie Dinmont Terrier'),
(207,	'Doberman Pinscher'),
(180,	'Dogo Argentino'),
(86,	'Dogue de Bordeaux'),
(35,	'Doxiepoo'),
(110,	'English Cocker Spaniel'),
(13,	'English Foxhound'),
(129,	'English Setter'),
(17,	'English Springer Spaniel'),
(112,	'English Toy Spaniel'),
(208,	'Entlebucher Mountain Dog'),
(5,	'Eurasier'),
(209,	'Field Spaniel'),
(124,	'Fila Brasileiro'),
(89,	'Finnish Lapphund'),
(98,	'Finnish Spitz'),
(146,	'Flat-Coated Retriever'),
(210,	'Fox Terrier'),
(188,	'French Bulldog'),
(211,	'German Pinscher'),
(77,	'German Shepherd Dog'),
(58,	'German Shorthaired Pointer'),
(32,	'German Spitz'),
(212,	'German Wirehaired Pointer'),
(68,	'Giant Schnauzer'),
(48,	'Glen of Imaal Terrier'),
(109,	'Golden Retriever'),
(85,	'Goldendoodle'),
(102,	'Gordon Setter'),
(3,	'Great Dane'),
(161,	'Great Pyrenees'),
(16,	'Greater Swiss Mountain Dog'),
(29,	'Greyhound'),
(8,	'Harrier'),
(113,	'Havanese'),
(67,	'Ibizan Hound'),
(213,	'Icelandic Sheepdog'),
(2,	'Irish Red and White Setter'),
(104,	'Irish Setter'),
(59,	'Irish Terrier'),
(214,	'Irish Water Spaniel'),
(27,	'Irish Wolfhound'),
(147,	'Italian Greyhound'),
(215,	'Jack Russell Terrier'),
(216,	'Japanese Chin'),
(125,	'Keeshond'),
(171,	'Kerry Blue Terrier'),
(217,	'Komondor'),
(142,	'Kooikerhondje'),
(151,	'Kromfohrlander'),
(218,	'Kuvasz'),
(37,	'Labradoodle'),
(20,	'Labrador Retriever'),
(219,	'Lacy Dog'),
(78,	'Lagotto Romagnolo'),
(127,	'Lakeland Terrier'),
(139,	'Large Munsterlander'),
(220,	'Leonberger'),
(221,	'Lhasa Apso'),
(222,	'Lhasapoo'),
(52,	'Longdog'),
(134,	'Lowchen'),
(30,	'Lurcher'),
(83,	'Maltese'),
(114,	'Maltipoo'),
(223,	'Manchester Terrier'),
(44,	'Mastiff'),
(80,	'Miniature American Shepherd'),
(11,	'Miniature Bull Terrier'),
(45,	'Miniature Pinscher'),
(87,	'Miniature Schnauzer'),
(185,	'Mixed'),
(224,	'Mudi'),
(130,	'Neapolitan Mastiff'),
(225,	'Newfoundland'),
(91,	'Norfolk Terrier'),
(56,	'Norwegian Buhund'),
(226,	'Norwegian Elkhound'),
(88,	'Norwegian Lundehund'),
(117,	'Norwich Terrier'),
(154,	'Nova Scotia Duck Tolling Retriever'),
(227,	'Old English Sheepdog'),
(65,	'Otterhound'),
(24,	'Papillon'),
(6,	'Pekeapoo'),
(157,	'Pekingese'),
(228,	'Pembroke Welsh Corgi'),
(229,	'Perro de Presa Canario'),
(21,	'Peruvian Inca Orchid'),
(230,	'Petit Basset Griffon Vendeen'),
(25,	'Pharaoh Hound'),
(53,	'Plott'),
(62,	'Pointer'),
(84,	'Polish Lowland Sheepdog'),
(95,	'Pomapoo'),
(119,	'Pomeranian'),
(61,	'Pomsky'),
(128,	'Poodle'),
(155,	'Portuguese Podengo'),
(140,	'Portuguese Water Dog'),
(81,	'Pug'),
(165,	'Pugapoo'),
(168,	'Puggle'),
(231,	'Puli'),
(163,	'Pumi'),
(232,	'Pyrenean Shepherd'),
(92,	'Rat Terrier'),
(233,	'Redbone Coonhound'),
(108,	'Rhodesian Ridgeback'),
(60,	'Rottweiler'),
(115,	'Russian Toy'),
(177,	'Saint Bernard'),
(234,	'Saluki'),
(9,	'Samoyed'),
(160,	'Schapendoes'),
(18,	'Schipperke'),
(96,	'Schnoodle'),
(235,	'Scottish Deerhound'),
(183,	'Scottish Terrier'),
(158,	'Sealyham Terrier'),
(236,	'Shetland Sheepdog'),
(237,	'Shiba Inu'),
(64,	'Shih Tzu'),
(55,	'Shihpoo'),
(72,	'Siberian Husky'),
(49,	'Silken Windhound'),
(178,	'Silky Terrier'),
(141,	'Skye Terrier'),
(135,	'Sloughi'),
(138,	'Small Munsterlander Pointer'),
(238,	'Soft Coated Wheaten Terrier'),
(239,	'Spanish Greyhound'),
(153,	'Spanish Water Dog'),
(240,	'Spinone Italiano'),
(75,	'Sprollie'),
(241,	'Staffordshire Bull Terrier'),
(179,	'Standard Schnauzer'),
(43,	'Sussex Spaniel'),
(123,	'Swedish Lapphund'),
(101,	'Swedish Vallhund'),
(105,	'Thai Ridgeback'),
(242,	'Tibetan Mastiff'),
(243,	'Tibetan Spaniel'),
(4,	'Tibetan Terrier'),
(244,	'Tosa Ken'),
(245,	'Toy Fox Terrier'),
(174,	'Toy Poodle'),
(33,	'Treeing Walker Coonhound'),
(149,	'Unknown'),
(144,	'Vizsla'),
(15,	'Volpino Italiano'),
(118,	'Weimaraner'),
(93,	'Welsh Springer Spaniel'),
(39,	'Welsh Terrier'),
(176,	'West Highland White Terrier'),
(246,	'Whippet'),
(73,	'Wirehaired Pointing Griffon'),
(159,	'Wirehaired Vizsla'),
(103,	'Xoloitzcuintli'),
(70,	'Yorkipoo'),
(41,	'Yorkshire Terrier');

DROP TABLE IF EXISTS `Dog`;
CREATE TABLE `Dog` (
  `dogID` int unsigned NOT NULL AUTO_INCREMENT,
  `created_by` varchar(50) CHARACTER SET utf8mb4 COLLATE utf8mb4_0900_ai_ci NOT NULL,
  `name` varchar(50) CHARACTER SET utf8mb4 COLLATE utf8mb4_0900_ai_ci NOT NULL,
  `sex` varchar(7) CHARACTER SET utf8mb4 COLLATE utf8mb4_0900_ai_ci NOT NULL,
  `altered` tinyint(1) NOT NULL,
  `birth_date` date DEFAULT NULL,
  `description` text CHARACTER SET utf8mb4 COLLATE utf8mb4_0900_ai_ci NOT NULL,
  `is_animal_control_surrender` tinyint(1) NOT NULL,
  `surrender_date` date NOT NULL,
  `microchipID` varchar(25) DEFAULT NULL,
  `surrender_reason` text CHARACTER SET utf8mb4 COLLATE utf8mb4_0900_ai_ci NOT NULL,
  `age_months` int unsigned NOT NULL,
  PRIMARY KEY (`dogID`),
  UNIQUE KEY `microchipID` (`microchipID`),
  KEY `fk_Dog_createdBy_User_email` (`created_by`),
  CONSTRAINT `fk_Dog_createdBy_User_email` FOREIGN KEY (`created_by`) REFERENCES `User` (`email`)
) ;

INSERT INTO `Dog` (`dogID`, `created_by`, `name`, `sex`, `altered`, `birth_date`, `description`, `is_animal_control_surrender`, `surrender_date`, `microchipID`, `surrender_reason`, `age_months`) VALUES
(1,	'edubaldi@finhigh.com',	'Katie',	'unknown',	1,	'2013-06-03',	' is a really well-behaved pup for her age. She is a happy, friendly girl.  Sally was fou',	0,	'2019-01-03',	NULL,	'I have decided I am allergic to the animal.',	67),
(2,	'ncoyier@funholding.com',	'Cash',	'male',	1,	'2008-12-03',	'  was found curled up in a shivering ball one frosty morning in the landscaping outside of a ',	0,	'2019-01-03',	'1722217411',	'I didn\'t know that owning an animal was this expensive',	121),
(3,	'srodefer@ontomedia.com',	'Finn',	'male',	1,	'2013-10-08',	' After being abandoned in rural east Texas, wandered up to a home. The kind family took h',	0,	'2019-01-08',	'0332935780',	'allergies are a problem',	63),
(4,	'cvonasek@toughzap.com',	'Mimi',	'female',	1,	'2016-12-14',	' Hi I am 2 years old. I love long walks in the park and I can be a couch pot',	0,	'2019-01-14',	'3359157588',	'The animal turned 10 and you surrender the animal when it reaches that age.',	25),
(5,	'barias@xx-holding.com',	'Frankie',	'male',	1,	'2015-01-16',	' I\'m looking to to rehome my male Catahoula Leopard Dog/Mountain Cur.',	0,	'2019-01-16',	'7782410366',	'The Chihuahua is too big to travel with us since we retired.',	48),
(6,	'cjurney@groovestreet.com',	'Midnight',	'unknown',	1,	'2018-09-18',	'  is a sweet confident girl that would love a chance to love you. Please fill out an applicati',	1,	'2019-01-18',	NULL,	'I am moving and I can\'t take them with me.',	4),
(7,	'asmith@zotware.com',	'Millie',	'unknown',	1,	'2005-08-23',	'  is a sweet girl who would love to be in a new home for the holidays! She is 3 years old ',	0,	'2019-01-23',	'9331193714',	'didn\'t realize that the animal would need so much attention',	161),
(8,	'ncoyier@funholding.com',	'Holly',	'female',	1,	'2016-04-24',	' LOVES toys and has been entertaining himself in his run. But it\'s so much nicer to see',	0,	'2019-01-24',	'6113414225',	'The animal turned 10 and you surrender the animal when it reaches that age.',	33),
(9,	'barias@xx-holding.com',	'Bear',	'male',	1,	'2009-10-25',	' is a fun, energetic girl who was found as a stray in south Texas.  Her owners refused ',	0,	'2019-01-25',	'3103245262',	'The animal chews and I don\'t want my belongings destroyed.',	111),
(10,	'cvonasek@toughzap.com',	'Leo',	'male',	1,	'2013-11-28',	' Hi I am 2 years old. I love long walks in the park and I can be a couch pot',	0,	'2019-01-28',	'3173249472',	'I don\'t want the dog to scratch my new floors.',	62),
(11,	'nbatman@ron-tech.com',	'Champ',	'male',	1,	'2012-07-29',	' When her dad passed away in a tragic accident, she and her \"brother\"  found themselv',	1,	'2019-01-29',	NULL,	'didn\'t realize that the animal would need so much attention',	78),
(12,	'nbatman@ron-tech.com',	'Luke',	'male',	1,	'2016-11-29',	' is a sweetie pie! He\'s very laid back and gentle with people. He walks well on ',	1,	'2019-01-29',	'8445319611',	'decided they have too many animals at home',	26),
(13,	'cvonasek@toughzap.com',	'Diesel',	'unknown',	1,	'2005-08-31',	'  is a sweet girl that loves her people once she knows you. She is an easy going gi',	0,	'2019-01-31',	NULL,	'My dogs pees on my baby.',	161),
(14,	'jgiguere@openlane.com',	'Sally',	'female',	1,	'2015-04-07',	'   a beautiful Hound mix, 7 years old, and weighing 43 pounds.  ',	0,	'2019-02-07',	NULL,	'I don\'t want the dog to scratch my new floors.',	46),
(15,	'dkeetch@golddex.com',	'Maya',	'female',	1,	'2011-04-12',	'  is a 4-year-old Boxer/Lab gal weighing 67 pounds, so of course the name is perfect. She ca',	0,	'2019-02-12',	'7611859882',	'I didn\'t know that owning an animal was this expensive',	94),
(16,	'ncoyier@funholding.com',	'Honey',	'female',	1,	'2011-09-13',	'  enjoys car rides and loves playing alon',	0,	'2019-02-13',	'9597708012',	'don\'t like the way the dog reacted to a child',	89),
(17,	'ncoyier@funholding.com',	'Lulu',	'female',	1,	'2016-09-14',	' LOVES toys and has been entertaining himself in his run. But it\'s so much nicer to see',	0,	'2019-02-14',	'2562552065',	'don\'t like the way the dog reacted to a child',	29),
(18,	'mdeleo@funholding.com',	'Elvis',	'male',	0,	'2016-02-18',	'   is a goofy, exciteable, very well trained 8 year old pug-boxer-something mix who',	0,	'2019-02-18',	NULL,	'My child moved to college and left their animal behind.',	36),
(19,	'mdeleo@funholding.com',	'Marley',	'female',	1,	'2016-02-18',	' This beautiful girl found herself homeless just before the holidays and no',	0,	'2019-02-18',	'0159971955',	'upset that the dog chewed on something or had an accident',	36),
(20,	'jgiguere@openlane.com',	'Mimi',	'female',	1,	'2015-06-19',	'  is a sweet girl who would love to be in a new home for the holidays! She is 3 years old ',	0,	'2019-02-19',	'6253314653',	'problems with the cat soiling outside the litter box',	44),
(21,	'lmenter@plexzap.com',	'Lilly',	'female',	1,	'2014-10-19',	'  is a 9-year-old Treeing Walker Hound, a playful boy who likes toys & like',	0,	'2019-02-19',	NULL,	'I have decided I am allergic to the animal.',	52),
(22,	'srodefer@ontomedia.com',	'Oliver',	'male',	1,	'2015-10-20',	' Handsome and elegant - that\'s how they describe him; was found as a str',	1,	'2019-02-20',	NULL,	'problems with the cat soiling outside the litter box',	40),
(23,	'dmontezuma@green-plus.com',	'Abby',	'female',	1,	'1996-12-21',	' This gorgeous puppy; we believe that he is a Yellow Lab mixed with Siberian Husky and wh',	1,	'2019-02-21',	NULL,	'I had no idea that animals were this much work.',	266),
(24,	'cvonasek@toughzap.com',	'Lacey',	'unknown',	1,	'2013-05-25',	' is a sweet but shy Lab/Terrier mix puppy who will be making his way to NJ o',	0,	'2019-02-25',	'1324307979',	'The animal has a behavior that I don\'t want to try to work with and correct.',	69),
(25,	'cjurney@groovestreet.com',	'Willow',	'female',	1,	'1997-10-26',	' This pretty girl needs a family!! Was adopted out as a puppy, but due to no fault of her o',	0,	'2019-02-26',	NULL,	'I don\'t want to be responsible for the animal anymore.',	256),
(26,	'cvonasek@toughzap.com',	'Honey',	'female',	1,	'2008-11-04',	' Our girl may look like a plain little black dog but she is anything but ordinary!  Th',	0,	'2019-03-04',	NULL,	'The animal has had (puppies/kittens) and I don\'t know how that happened and I don\'t want them anymore.',	124),
(27,	'dmontezuma@green-plus.com',	'Marley',	'female',	1,	'1998-06-13',	' is a super sweet boxer/dane mix!  He came from a rural animal contro',	0,	'2019-03-13',	NULL,	'Landlord won\'t let me keep the animal.',	249),
(28,	'mo@burdell.com',	'Phoebe',	'unknown',	1,	'2005-03-14',	'  was adopted from us when he was 2 months old.  He was just returned because they do',	1,	'2019-03-14',	'0447698661',	'the pet sheds too much',	168),
(29,	'dmontezuma@green-plus.com',	'Hazel',	'female',	1,	'1997-03-18',	' This gorgeous girl hails from Puerto Rico. She is a 3-year-old P',	0,	'2019-03-18',	'9544917421',	'The dog barks too much or the cat meows too much.',	264),
(30,	'mdeleo@funholding.com',	'Emma',	'female',	1,	'2011-10-20',	'  was rescued after she gave birth under a house in rural Texas. She\'d been living on the ',	0,	'2019-03-20',	NULL,	'don\'t know how to handle the animal\'s medical needs',	89),
(31,	'tmarrier@hottechi.com',	'Duke',	'male',	1,	'2009-04-27',	' is such a doll! She was recently rescued from euthanasia in a Texas shelt',	0,	'2019-03-27',	NULL,	'haven\'t thought about any other options',	119),
(32,	'dmontezuma@green-plus.com',	'Minnie',	'female',	1,	'2015-05-28',	'  was found curled up in a shivering ball one frosty morning in the landscaping outside of a ',	0,	'2019-03-28',	'4142103190',	'The animal turned 10 and you surrender the animal when it reaches that age.',	46),
(33,	'srodefer@ontomedia.com',	'Cooper',	'male',	1,	'2013-11-29',	' is a fun, energetic girl who was found as a stray in south Texas.  Her owners refused ',	0,	'2019-03-29',	NULL,	'upset that the dog bit somebody',	64),
(34,	'gmatuszak@green-plus.com',	'Luna',	'female',	1,	'2016-10-01',	'  enjoys car rides and loves playing alon',	1,	'2019-04-01',	'8686396700',	'I need to surrender my dog because I just had my carpets cleaned.',	30),
(35,	'barias@xx-holding.com',	'Sydney',	'female',	1,	'2018-12-02',	' Meet a handsome black Lab mix who\'s almost 5 years old',	0,	'2019-04-02',	NULL,	'The animal attacks me and my family.',	4),
(36,	'vmenter@silis.com',	'Ruby',	'female',	1,	'2011-07-03',	' is a handsome 3 1/2 year old Shepherd mix. He is good with other dogs.  He would do',	0,	'2019-04-03',	'0624367218',	'My child went to jail and I don\'t want their animal.',	93),
(37,	'smaclead@openlane.com',	'Jake',	'male',	1,	'2002-02-04',	'  If you\'re looking for a sporty new best friend to hang out with, this is your guy',	0,	'2019-04-04',	'6850378225',	'My dogs pees on my baby.',	206),
(38,	'mmallett@konex.com',	'Bandit',	'male',	1,	'2018-04-05',	' When their dad passed away in a tragic accident, he and his \"sister\"  ',	0,	'2019-04-05',	'4018693437',	'didn\'t know the cat would sleep all day',	12),
(39,	'barias@xx-holding.com',	'Jackson',	'male',	1,	'2012-02-11',	'  came to rescue in a starved state. Despite this, she has so much love to give. She g',	0,	'2019-04-11',	NULL,	'The dog barks too much or the cat meows too much.',	86),
(40,	'nbatman@ron-tech.com',	'Bentley',	'male',	1,	'2018-06-15',	'   is a loving, young, playful bundle of joy & energy who would love to find herself ',	0,	'2019-04-15',	NULL,	'I have decided that my family is allergic to the animal.',	10),
(41,	'jsweely@fasehatice.com',	'Champ',	'male',	1,	'2016-11-15',	' Meet this beautiful Carolina Dog mix has the biggest, cutest, pointy ears.  She ',	0,	'2019-04-15',	'1237604775',	'I need to surrender my dog because it chewed my sprinkler heads.',	29),
(42,	'mo@burdell.com',	'Gigi',	'female',	1,	'2000-02-16',	' This adorable boy is Tango Barnwell.  He wou',	0,	'2019-04-16',	NULL,	'upset that the dog chewed on something or had an accident',	230),
(43,	'smaclead@openlane.com',	'Charlie',	'female',	1,	'2016-06-17',	' is a stunning girl who was adopted from Eleventh Hour Rescue a few years ago but was recen',	0,	'2019-04-17',	NULL,	'I don\'t want the dog to scratch my new floors.',	34),
(44,	'rdiestel@goodsilron.com',	'Chester',	'male',	1,	'2014-09-18',	' is a beautiful 2-year-old Border Collie/Lab mix weighing 55 lbs. who was rescued from a hoard',	0,	'2019-04-18',	NULL,	'My doctor told me that the cat will suck the life out of my newborn baby.',	55),
(45,	'cvonasek@toughzap.com',	'Lucky',	'female',	1,	'2014-10-19',	' This gorgeous boy is a Saint Bernard mix. He is',	0,	'2019-04-19',	'7168262500',	'I don\'t want to be responsible for the animal anymore.',	54),
(46,	'dmontezuma@green-plus.com',	'Riley',	'female',	1,	'2015-08-24',	'  is a 4-year-old Boxer/Lab gal weighing 67 pounds, so of course the name is perfect. She ca',	1,	'2019-04-24',	NULL,	'moving and don\'t want to take the dog along',	44),
(47,	'mmallett@konex.com',	'Oliver',	'male',	1,	'2003-03-01',	' This gorgeous boy is a Saint Bernard mix. He is',	0,	'2019-05-01',	'9131352554',	'I told my dying family member that I would care for their animal after they died to make them feel better, but I really don\'t want the animal so I am surrendering it to you.',	194),
(48,	'nbatman@ron-tech.com',	'Madison',	'female',	1,	'2014-12-01',	'  is in foster and here\'s what her foster has to say: Meet the most lovable, frie',	0,	'2019-05-01',	'0601033509',	'I don\'t want the dog to scratch my new floors.',	53),
(49,	'mmallett@konex.com',	'Marley',	'female',	1,	'2013-01-08',	'  along with his littermates and mom, was rescued from euthanasia a',	0,	'2019-05-08',	'2202768589',	'\"My cat is a w***e, she keeps getting pregnant by the neighbor\'s cat and the babies keep dying. This is the third time and I am done with this!\"',	76),
(50,	'sahle@treequote.com',	'Annie',	'female',	1,	'2009-03-10',	' was homeless and roaming the streets which eventually led to his being picked-up',	0,	'2019-05-10',	NULL,	'The animal doesn\'t match my new furniture.',	122),
(51,	'cjurney@groovestreet.com',	'Midnight',	'unknown',	1,	'1997-05-10',	'  is so smart and curious too.  She\'s becoming a TV binge watching c',	0,	'2019-05-10',	NULL,	'\"My cat is a w***e, she keeps getting pregnant by the neighbor\'s cat and the babies keep dying. This is the third time and I am done with this!\"',	264),
(52,	'barias@xx-holding.com',	'Louie',	'male',	1,	'2004-02-14',	' he has had a hard start to his life! This little blue nose nugget of wiggles was scheduled ',	0,	'2019-05-14',	NULL,	'\"My cat is a w***e, she keeps getting pregnant by the neighbor\'s cat and the babies keep dying. This is the third time and I am done with this!\"',	183),
(53,	'asmith@zotware.com',	'Cleo',	'female',	1,	'2016-01-15',	' is a ball-chasing, attention-loving, breathtakingly gorgeous boy.  A perfect day',	1,	'2019-05-15',	'5395133308',	'I need to surrender my dog because it chewed my sprinkler heads.',	40),
(54,	'cjurney@groovestreet.com',	'Piper',	'unknown',	1,	'2018-05-16',	'  is in foster and here\'s what her foster has to say: Meet the most lovable, frie',	0,	'2019-05-16',	'3406020447',	'I didn\'t know I adopted a boy/girl animal.',	12),
(55,	'kmunns@yearin.com',	'Brady',	'unknown',	1,	'2015-02-16',	' came to us with an injury to her skin on her back. She looks like someone burned her. She ',	0,	'2019-05-16',	NULL,	'I don\'t have time for the animal.',	51),
(56,	'sahle@treequote.com',	'Moose',	'male',	1,	'2017-01-21',	' was a stray who found his way to Rescue.  He is a senior guy but acts an',	0,	'2019-05-21',	NULL,	'The animal doesn\'t match my new furniture.',	28),
(57,	'fcrupi@rangreen.com',	'Roxie',	'female',	1,	'2018-09-22',	' is a sweet girl who was separated from her litter after having to have a lifesaving blood tr',	0,	'2019-05-22',	'3822482038',	'I have decided that my family is allergic to the animal.',	8),
(58,	'jgiguere@openlane.com',	'Oscar',	'male',	1,	'2016-05-27',	'   is a loving, young, playful bundle of joy & energy who would love to find herself ',	0,	'2019-05-27',	'2020593158',	'don\'t like the way the dog reacted to a child',	36),
(59,	'rdiestel@goodsilron.com',	'Penny',	'female',	1,	'2019-03-31',	' is a big mush of a dog that enjoys the attention of people and smiles from ear to ear when you',	0,	'2019-05-31',	'6282761749',	'I \"Found\" the animal.',	2),
(60,	'lmenter@plexzap.com',	'Elvis',	'male',	1,	'2003-02-05',	' We don\'t know what happened to him before he arrived',	1,	'2019-06-05',	'3168256198',	'I got a new house and don\'t want it.',	196),
(61,	'rdiestel@goodsilron.com',	'Blue',	'male',	1,	'2011-09-06',	' If you\'re looking for a \"no brainer\", check out this girl. She is a really E',	0,	'2019-06-06',	NULL,	'The animal turned 10 and you surrender the animal when it reaches that age.',	93),
(62,	'ncoyier@funholding.com',	'Bentley',	'male',	1,	'2013-11-06',	'  is a very loving and affectionate 5 1/2 year old dog who is great with adults but he ha',	0,	'2019-06-06',	'5365023748',	'My doctor told me that the cat will suck the life out of my newborn baby.',	67),
(63,	'dkeetch@golddex.com',	'Maggie',	'female',	1,	'1998-03-10',	' Looking for a happy, silly, sweet & funny pup?  Check out her as she is all these and m',	0,	'2019-06-10',	'4484362295',	'don\'t know how to handle the animal\'s medical needs',	255),
(64,	'lmenter@plexzap.com',	'Cooper',	'male',	1,	'2005-05-12',	'    has the floppiest ears and the saddest eyes, but ',	0,	'2019-06-12',	'6210978022',	'The dog barks too much or the cat meows too much.',	169),
(65,	'kmunns@yearin.com',	'Loki',	'male',	1,	'1998-08-14',	'  was being given away for free on a neighborhood site in Texas because a child in the home w',	1,	'2019-06-14',	'1761032421',	'problems with the cat soiling outside the litter box',	250),
(66,	'jsweely@fasehatice.com',	'Champ',	'unknown',	1,	'1999-06-14',	'  was rescued from a kill shelter and is the sweetest thing ever. Just wants to be loved',	1,	'2019-06-14',	NULL,	'The animal has had (puppies/kittens) and I don\'t know how that happened and I don\'t want them anymore.',	240),
(67,	'nbatman@ron-tech.com',	'Zoey',	'female',	1,	'2014-07-17',	'  We are looking for a home for our dog . He was born in December of 2015',	0,	'2019-06-17',	'9185107913',	'The animal attacks me and my family.',	59),
(68,	'walbares@conecom.com',	'Joey',	'male',	1,	'2016-07-18',	' This beautiful boy  was adopted out as a puppy to a loving couple but recently has c',	0,	'2019-06-18',	NULL,	'upset that the dog bit somebody',	35),
(69,	'sjurney@groovestreet.com',	'Charlie',	'female',	1,	'2013-12-20',	' is a 15 week old Lab mix weighing 9 pounds who lives up to her name with the',	1,	'2019-06-20',	'2075926640',	'\"My cat is a w***e, she keeps getting pregnant by the neighbor\'s cat and the babies keep dying. This is the third time and I am done with this!\"',	66),
(70,	'fcrupi@rangreen.com',	'Annie',	'female',	1,	'2014-12-25',	'   is an 8 year old Pointer mix who is looking for a place to spend his golden years. This ha',	1,	'2019-06-25',	NULL,	'The animal turned 10 and you surrender the animal when it reaches that age.',	54),
(71,	'walbares@conecom.com',	'Blue',	'male',	1,	'1999-01-01',	'  needs a new home ASAP as the landlord says he has to go!! Here is what his mom say',	0,	'2019-07-01',	'4648672566',	'I need to surrender my dog because it chewed my sprinkler heads.',	246),
(72,	'kmunns@yearin.com',	'Beau',	'male',	1,	'2010-09-04',	'  is a very loving and affectionate 5 1/2 year old dog who is great with adults but he ha',	0,	'2019-07-04',	'4741762601',	'The kitten opened the refrigerator and ruined $200.00 in food.',	106),
(73,	'jgiguere@openlane.com',	'Holly',	'female',	1,	'2009-09-08',	' was homeless and roaming the streets which eventually led to his being picked-up',	0,	'2019-07-08',	NULL,	'My child went to jail and I don\'t want their animal.',	118),
(74,	'jsweely@fasehatice.com',	'Bubba',	'unknown',	1,	'2007-11-09',	'  is a friendly handsome boy that needs his forever home. Please fill out an application a',	0,	'2019-07-09',	'3432397581',	'The dog barks too much or the cat meows too much.',	140),
(75,	'edubaldi@finhigh.com',	'Joey',	'male',	1,	'2006-08-11',	'  is a 9-year-old Treeing Walker Hound, a playful boy who likes toys & like',	0,	'2019-07-11',	'0346401730',	'the pet sheds too much',	155),
(76,	'walbares@conecom.com',	'Harley',	'male',	1,	'2016-06-11',	' Meet this beautiful Carolina Dog mix has the biggest, cutest, pointy ears.  She ',	0,	'2019-07-11',	NULL,	'I \"Found\" the animal.',	37),
(77,	'lmenter@plexzap.com',	'Harley',	'unknown',	1,	'2015-12-12',	'  was adopted from us when he was 2 months old.  He was just returned because they do',	0,	'2019-07-12',	'8262987496',	'The animal has had (puppies/kittens) and I don\'t know how that happened and I don\'t want them anymore.',	43),
(78,	'sjurney@groovestreet.com',	'Marley',	'female',	1,	'2008-09-15',	'   I\'m an absolute awesome dog and I love all people. My foster says I have',	0,	'2019-07-15',	NULL,	'I am going to have a child and don\'t want the animal anymore.',	130),
(79,	'sjurney@groovestreet.com',	'Bonnie',	'female',	1,	'2019-05-16',	'  along with his littermates and mom, was rescued from euthanasia a',	0,	'2019-07-16',	'0231531255',	'don\'t have time for the dog anymore',	2),
(80,	'smaclead@openlane.com',	'Sugar',	'female',	1,	'2018-01-17',	' is a beautiful 2-year-old Border Collie/Lab mix weighing 55 lbs. who was rescued from a hoard',	0,	'2019-07-17',	'0607362081',	'I didn\'t know I adopted a boy/girl animal.',	18),
(81,	'jgiguere@openlane.com',	'Bonnie',	'female',	1,	'2014-03-19',	'  We are looking for a home for our dog . He was born in December of 2015',	1,	'2019-07-19',	'8410783889',	'haven\'t thought about any other options',	64),
(82,	'ncoyier@funholding.com',	'Boomer',	'male',	1,	'2018-04-22',	'  loves to run and play! She gives the best hugs, and she also high fives and gives a firm ha',	0,	'2019-07-22',	NULL,	'The animal has had (puppies/kittens) and I don\'t know how that happened and I don\'t want them anymore.',	15),
(83,	'fcrupi@rangreen.com',	'Annie',	'female',	1,	'2009-03-23',	'  was rescued after she gave birth under a house in rural Texas. She\'d been living on the ',	0,	'2019-07-23',	'2684737194',	'I have decided that my family is allergic to the animal.',	124),
(84,	'ncoyier@funholding.com',	'Piper',	'female',	1,	'2014-10-23',	' From his owner:  Please help me find a new home for my dog , an 8 year old German Sh',	0,	'2019-07-23',	NULL,	'My dogs pees on my baby.',	57),
(85,	'jsweely@fasehatice.com',	'Sally',	'female',	1,	'1998-04-24',	'  is a 9-year-old Treeing Walker Hound, a playful boy who likes toys & like',	0,	'2019-07-24',	'0047708228',	'My child went to jail and I don\'t want their animal.',	255),
(86,	'mdeleo@funholding.com',	'Bandit',	'male',	1,	'2010-09-25',	' Meet a handsome black Lab mix who\'s almost 5 years old',	0,	'2019-07-25',	NULL,	'can\'t or don\'t want to handle the costs of the pet\'s needs',	106),
(87,	'gmatuszak@green-plus.com',	'Macy',	'female',	1,	'2013-10-30',	' Meet a handsome black Lab mix who\'s almost 5 years old',	0,	'2019-07-30',	'9360975341',	'the pet sheds too much',	69),
(88,	'gmatuszak@green-plus.com',	'Cash',	'male',	1,	'2006-02-28',	' would be a wonderful addition to your family as long as she\'s the only fur',	0,	'2019-07-31',	NULL,	'I didn\'t know that owning an animal was this expensive',	161),
(89,	'mdeleo@funholding.com',	'Sheldon',	'unknown',	1,	'1997-04-01',	'  is an adorable boy that is friendly and does very well with other cats. If interested please',	0,	'2019-08-01',	'4270076427',	'I didn\'t know that owning an animal was this expensive',	268),
(90,	'dmontezuma@green-plus.com',	'Brutus',	'male',	1,	'2014-09-02',	' she was being given away in the back of a gas station in a rural Texas town when one of our',	0,	'2019-08-02',	NULL,	'I didn\'t know that owning an animal was this expensive',	59),
(91,	'lmenter@plexzap.com',	'Sassy',	'female',	1,	'2006-04-02',	' is a 15 week old Lab mix weighing 9 pounds who lives up to her name with the',	0,	'2019-08-02',	NULL,	'I don\'t want to be responsible for the animal anymore.',	160),
(92,	'sahle@treequote.com',	'Athena',	'female',	1,	'1997-08-07',	'  is a 4-year-old Boxer/Lab gal weighing 67 pounds, so of course the name is perfect. She ca',	0,	'2019-08-07',	'6159881717',	'think the dog is too hyper',	264),
(93,	'nbatman@ron-tech.com',	'Mac',	'male',	1,	'2014-07-07',	' would be a wonderful addition to your family as long as she\'s the only fur',	0,	'2019-08-07',	NULL,	'having \'personal problems\'',	61),
(94,	'vmenter@silis.com',	'Lexi',	'female',	1,	'2010-01-14',	' Looking for a wonderful family pet? Please check out this pup with the wagging tail, he\'d be s',	0,	'2019-08-14',	'9310470281',	'moving and don\'t want to take the dog along',	115),
(95,	'srodefer@ontomedia.com',	'Ella',	'unknown',	1,	'2016-02-15',	'  I\'m trying to find a home for a dog,  who I rescued from a trail',	1,	'2019-08-15',	NULL,	'think the dog is too hyper',	42),
(96,	'sjurney@groovestreet.com',	'Brady',	'male',	1,	'1997-06-16',	'  enjoys car rides and loves playing alon',	0,	'2019-08-16',	NULL,	'decided they have too many animals at home',	266),
(97,	'dmontezuma@green-plus.com',	'Lucky',	'female',	1,	'2015-11-19',	' is an adorable dog with a classic Bulldog face.  He was pulled from a high kill shelter ',	0,	'2019-08-19',	NULL,	'problems with the cat soiling outside the litter box',	45),
(98,	'sjurney@groovestreet.com',	'Mocha',	'unknown',	1,	'2006-03-20',	' is a senior boy, 11-12 years old, the life he led before being rescued was filled ',	1,	'2019-08-20',	'0287101747',	'having \'personal problems\'',	161),
(99,	'jgiguere@openlane.com',	'Ace',	'male',	1,	'2017-07-21',	' was a stray who found his way to Rescue.  He is a senior guy but acts an',	0,	'2019-08-21',	NULL,	'My child moved to college and left their animal behind.',	25),
(100,	'fcrupi@rangreen.com',	'Cleo',	'unknown',	1,	'2017-07-27',	' This gorgeous boy is a Saint Bernard mix. He is',	0,	'2019-08-27',	NULL,	'I don\'t want the dog to scratch my new floors.',	25),
(101,	'smaclead@openlane.com',	'Marley',	'female',	1,	'2013-09-28',	' We don\'t know what happened to him before he arrived',	0,	'2019-08-28',	NULL,	'I have decided I am allergic to the animal.',	71),
(102,	'gmatuszak@green-plus.com',	'Shadow',	'female',	1,	'1999-01-29',	'  was rescued after she gave birth under a house in rural Texas. She\'d been living on the ',	0,	'2019-08-29',	NULL,	'problems with the cat soiling outside the litter box',	247),
(103,	'mdeleo@funholding.com',	'Grace',	'female',	1,	'2010-10-02',	' he has had a hard start to his life! This little blue nose nugget of wiggles was scheduled ',	1,	'2019-09-02',	'7588184201',	'I need to surrender my dog because I just had my carpets cleaned.',	107),
(104,	'smaclead@openlane.com',	'Ginger',	'female',	1,	'2016-11-05',	'  I came from a shelter that euthanizes over a hundred animals a week. I turned on',	0,	'2019-09-05',	'9563679426',	'didn\'t know the cat would sleep all day',	34),
(105,	'jgiguere@openlane.com',	'Jake',	'male',	1,	'2000-05-06',	' Have you been looking for a Labrador Retriever to join your family? Labs have such great, goofy, c',	0,	'2019-09-06',	'9182621865',	'The animal pooped/peed on the floor.',	232),
(106,	'mo@burdell.com',	'Lily',	'female',	1,	'2004-05-09',	' is a super sweet boxer/dane mix!  He came from a rural animal contro',	0,	'2019-09-09',	NULL,	'haven\'t thought about any other options',	184),
(107,	'sahle@treequote.com',	'Beau',	'male',	1,	'2010-10-10',	'   a beautiful Hound mix, 7 years old, and weighing 43 pounds.  ',	1,	'2019-09-10',	NULL,	'having \'personal problems\'',	107),
(108,	'asmith@zotware.com',	'Gracie',	'female',	1,	'2018-05-13',	'  was being given away for free on a neighborhood site in Texas because a child in the home w',	0,	'2019-09-13',	NULL,	'The animal has a behavior that I don\'t want to try to work with and correct.',	16),
(109,	'mdeleo@funholding.com',	'Casey',	'female',	1,	'2014-10-19',	'  along with his littermates and mom, was rescued from euthanasia a',	0,	'2019-09-19',	'7438950778',	'I got a new house and don\'t want it.',	59),
(110,	'sahle@treequote.com',	'Olive',	'unknown',	1,	'2013-04-26',	' is a very friendly and energetic Rottweiler mix who is7 years old & weighs 59',	0,	'2019-09-26',	'4230427909',	'having \'personal problems\'',	77),
(111,	'ncoyier@funholding.com',	'Sally',	'female',	1,	'2017-10-26',	' Our girl may look like a plain little black dog but she is anything but ordinary!  Th',	0,	'2019-09-26',	'9044340249',	'don\'t know how to handle the animal\'s medical needs',	23),
(112,	'tmarrier@hottechi.com',	'Brody',	'male',	1,	'1999-03-01',	'  is a 4-year-old Boxer/Lab gal weighing 67 pounds, so of course the name is perfect. She ca',	0,	'2019-10-01',	'4922077392',	'don\'t know how to handle the animal\'s medical needs',	247),
(113,	'jgiguere@openlane.com',	'Chico',	'male',	1,	'2006-08-07',	' is a very friendly and energetic Rottweiler mix who is7 years old & weighs 59',	0,	'2019-10-07',	NULL,	'haven\'t thought about any other options',	158),
(114,	'gmatuszak@green-plus.com',	'Lola',	'female',	1,	'2007-01-07',	' Meet  a sweet-as-pie Brindle/Blue Nose Pit Bull who needs a new place to live',	0,	'2019-10-07',	'7638227325',	'having \'personal problems\'',	153),
(115,	'mdeleo@funholding.com',	'Cali',	'female',	1,	'2015-03-08',	' has quite a resume.  He has graduated Basic I Obedience, Basic II Obedience, learned ',	0,	'2019-10-08',	'7289416436',	'My dogs pees on my baby.',	55),
(116,	'jgiguere@openlane.com',	'Sally',	'female',	1,	'2014-05-09',	' This adorable boy is Tango Barnwell.  He wou',	0,	'2019-10-09',	'0506467113',	'I had no idea that animals were this much work.',	65),
(117,	'cjurney@groovestreet.com',	'Shelby',	'female',	1,	'2014-09-09',	'  along with his littermates and mom, was rescued from euthanasia a',	0,	'2019-10-09',	NULL,	'don\'t know how to handle the animal\'s medical needs',	61),
(118,	'vmenter@silis.com',	'George',	'male',	1,	'2016-07-10',	' When their dad passed away in a tragic accident, he and his \"sister\"  ',	0,	'2019-10-10',	'0845103394',	'I don\'t have time for the animal.',	39),
(119,	'nbatman@ron-tech.com',	'Gus',	'male',	1,	'2004-12-10',	'  was recently rescued from euthanasia at a Texas shelter. She has the sweetest face!  I',	0,	'2019-10-10',	NULL,	'I don\'t want to be responsible for the animal anymore.',	178),
(120,	'kmunns@yearin.com',	'Chico',	'male',	1,	'2011-04-14',	'   is a goofy, exciteable, very well trained 8 year old pug-boxer-something mix who',	0,	'2019-10-14',	'4592937345',	'upset that the dog bit somebody',	102),
(121,	'nbatman@ron-tech.com',	'Emma',	'female',	1,	'1997-11-16',	'  is a 9-year-old Treeing Walker Hound, a playful boy who likes toys & like',	0,	'2019-10-16',	'5968663850',	'The animal pooped/peed on the floor.',	263),
(122,	'barias@xx-holding.com',	'Lilly',	'female',	1,	'2016-07-17',	' Our girl may look like a plain little black dog but she is anything but ordinary!  Th',	0,	'2019-10-17',	'2033815869',	'I got a new house and don\'t want it.',	39),
(123,	'mmallett@konex.com',	'Sally',	'female',	1,	'2015-09-25',	' When their dad passed away in a tragic accident, he and his \"sister\"  ',	0,	'2019-10-25',	'7107074830',	'I am moving and I can\'t take them with me.',	49),
(124,	'walbares@conecom.com',	'Pebbles',	'female',	1,	'1999-02-28',	'   Meet a 3 month old cuddly, lovable Terrier mix.  He was dumped in',	0,	'2019-10-28',	'7444632749',	'I need to surrender my dog because I just had my carpets cleaned.',	248),
(125,	'barias@xx-holding.com',	'Nikki',	'female',	1,	'2016-01-01',	' This gorgeous puppy; we believe that he is a Yellow Lab mixed with Siberian Husky and wh',	0,	'2019-11-01',	'9507138642',	'Landlord won\'t let me keep the animal.',	46),
(126,	'smaclead@openlane.com',	'Oreo',	'male',	1,	'2018-02-04',	'  Look at that underbite!!! he is a 3 1/2 year old Terrier mix. He was in a home for a couple y',	0,	'2019-11-04',	'3076676382',	'The animal chews and I don\'t want my belongings destroyed.',	21),
(127,	'lmenter@plexzap.com',	'Piper',	'female',	1,	'2015-03-07',	'  was adopted from us when he was 2 months old.  He was just returned because they do',	0,	'2019-11-07',	NULL,	'The animal chews and I don\'t want my belongings destroyed.',	56),
(128,	'rdiestel@goodsilron.com',	'Brandy',	'female',	1,	'2012-04-11',	'  was recently rescued from euthanasia at a Texas shelter. She has the sweetest face!  I',	0,	'2019-11-11',	NULL,	'The animal has a behavior that I don\'t want to try to work with and correct.',	91),
(129,	'jgiguere@openlane.com',	'Dakota',	'female',	1,	'2006-08-11',	' is a stunning girl who was adopted from Eleventh Hour Rescue a few years ago but was recen',	0,	'2019-11-11',	'5869537559',	'I told my dying family member that I would care for their animal after they died to make them feel better, but I really don\'t want the animal so I am surrendering it to you.',	159),
(130,	'cvonasek@toughzap.com',	'Max',	'male',	1,	'2018-09-12',	' Meet  a sweet-as-pie Brindle/Blue Nose Pit Bull who needs a new place to live',	0,	'2019-11-12',	NULL,	'I got a new house and don\'t want it.',	14),
(131,	'nbatman@ron-tech.com',	'Leo',	'male',	1,	'2015-12-13',	' she was being given away in the back of a gas station in a rural Texas town when one of our',	0,	'2019-11-13',	'1968472390',	'The animal has had (puppies/kittens) and I don\'t know how that happened and I don\'t want them anymore.',	47),
(132,	'kmunns@yearin.com',	'Cleo',	'female',	1,	'1998-03-15',	' would be a wonderful addition to your family as long as she\'s the only fur',	0,	'2019-11-15',	NULL,	'I am moving and I can\'t take them with me.',	260),
(133,	'kmunns@yearin.com',	'Bo',	'male',	1,	'2013-09-18',	' is a 12-week-old Black Cur mix pup who got adopted and who thought he had found his fo',	0,	'2019-11-18',	'1459461853',	'The animal doesn\'t match my new furniture.',	74),
(134,	'asmith@zotware.com',	'Benny',	'male',	1,	'2007-07-18',	' was homeless and roaming the streets which eventually led to his being picked-up',	0,	'2019-11-18',	'8683087184',	'decided they have too many animals at home',	148),
(135,	'rdiestel@goodsilron.com',	'Honey',	'female',	1,	'2008-02-19',	' has quite a resume.  He has graduated Basic I Obedience, Basic II Obedience, learned ',	0,	'2019-11-19',	NULL,	'I don\'t want the dog to scratch my new floors.',	141),
(136,	'ncoyier@funholding.com',	'Ace',	'male',	1,	'1999-10-20',	' When her dad passed away in a tragic accident, she and her \"brother\"  found themselv',	0,	'2019-11-20',	'8406288680',	'I didn\'t know that owning an animal was this expensive',	241),
(137,	'dmontezuma@green-plus.com',	'Athena',	'female',	1,	'2010-04-20',	'  is a two and a half old and such a sweetheart.   loves the car and likes ',	0,	'2019-11-20',	'8855820847',	'decided they have too many animals at home',	115),
(138,	'mmallett@konex.com',	'Elvis',	'male',	1,	'2016-04-21',	'  is a very loving and affectionate 5 1/2 year old dog who is great with adults but he ha',	0,	'2019-11-21',	'1588289273',	'I didn\'t know that owning an animal was this expensive',	43),
(139,	'jgiguere@openlane.com',	'Roxie',	'female',	1,	'2008-10-22',	' If you\'re looking for a \"no brainer\", check out this girl. She is a really E',	1,	'2019-11-22',	NULL,	'The animal chews and I don\'t want my belongings destroyed.',	133),
(140,	'sahle@treequote.com',	'Leo',	'male',	1,	'2010-03-22',	' has quite a resume.  He has graduated Basic I Obedience, Basic II Obedience, learned ',	0,	'2019-11-22',	'8995897848',	'The dog barks too much or the cat meows too much.',	116),
(141,	'asmith@zotware.com',	'Marley',	'female',	1,	'1999-05-02',	' Looking for a happy, silly, sweet & funny pup?  Check out her as she is all these and m',	0,	'2019-12-02',	'2929126033',	'I have decided that my family is allergic to the animal.',	247),
(142,	'gmatuszak@green-plus.com',	'Abby',	'female',	1,	'2018-04-03',	' This sweet brindle boy with the crooked smile is Whopper. He\'s such a good boy - playful,',	0,	'2019-12-03',	'7321356173',	'decided they have too many animals at home',	20),
(143,	'barias@xx-holding.com',	'Lexie',	'unknown',	1,	'2008-12-03',	' Looking for a happy, silly, sweet & funny pup?  Check out her as she is all these and m',	0,	'2019-12-03',	NULL,	'renovating the house or redoing the yard',	132),
(144,	'ncoyier@funholding.com',	'Lady',	'unknown',	1,	'2010-04-05',	'  was a service dog for an elderly man who recently passed away. Now this boy needs a new home',	0,	'2019-12-05',	'5556057839',	'My two dogs, who are brother and sister, keep having litters of puppies.',	116),
(145,	'rdiestel@goodsilron.com',	'Cash',	'male',	1,	'2012-09-10',	' Looking for a happy, silly, sweet & funny pup?  Check out her as she is all these and m',	0,	'2019-12-10',	'4353377498',	'don\'t like the way the dog reacted to a child',	87),
(146,	'sjurney@groovestreet.com',	'Boomer',	'male',	1,	'2006-01-12',	' she was being given away in the back of a gas station in a rural Texas town when one of our',	0,	'2019-12-12',	NULL,	'decided they have too many animals at home',	167),
(147,	'nbatman@ron-tech.com',	'Milo',	'male',	1,	'2016-04-13',	' he has had a hard start to his life! This little blue nose nugget of wiggles was scheduled ',	0,	'2019-12-13',	NULL,	'allergies are a problem',	44),
(148,	'dkeetch@golddex.com',	'Izzy',	'female',	1,	'2006-01-16',	' I\'m a good-looking Redbone with big soulful eyes (so I\'m told) who&',	0,	'2019-12-16',	'7047413542',	'I \"Found\" the animal.',	167),
(149,	'jgiguere@openlane.com',	'Buddy',	'male',	1,	'2005-06-18',	' he has had a hard start to his life! This little blue nose nugget of wiggles was scheduled ',	0,	'2019-12-18',	'6072982334',	'having \'personal problems\'',	174),
(150,	'mo@burdell.com',	'Lacey',	'female',	1,	'2017-03-20',	' is a super sweet boxer/dane mix!  He came from a rural animal contro',	0,	'2019-12-20',	'4793706812',	'I don\'t want the dog to scratch my new floors.',	33),
(151,	'rdiestel@goodsilron.com',	'Bruno',	'unknown',	1,	'2017-12-24',	' is beautiful and sweet.  Loves to play and eat.  A little shy and independent.',	1,	'2019-12-24',	'0169698559',	'the pet sheds too much',	24),
(152,	'smaclead@openlane.com',	'Olive',	'female',	1,	'2009-06-25',	'  was dumped at a mailbox in rural Texas; is a sweet shy girl  w',	0,	'2019-12-25',	'0936657565',	'The animal has had (puppies/kittens) and I don\'t know how that happened and I don\'t want them anymore.',	126),
(153,	'ncoyier@funholding.com',	'Bear',	'male',	1,	'2015-10-25',	' is a handsome 3 1/2 year old Shepherd mix. He is good with other dogs.  He would do',	0,	'2019-12-25',	NULL,	'I am moving and I can\'t take them with me.',	50),
(154,	'dmontezuma@green-plus.com',	'Milo',	'male',	1,	'2007-10-26',	'  is a 1 year old Terrier mix! He is walks well on a leash and loves affection. He would prefer',	0,	'2019-12-26',	NULL,	'The animal turned 10 and you surrender the animal when it reaches that age.',	146),
(155,	'dkeetch@golddex.com',	'Misty',	'unknown',	1,	'2004-01-30',	' Handsome and elegant - that\'s how they describe him; was found as a str',	0,	'2019-12-30',	NULL,	'I don\'t want to be responsible for the animal anymore.',	191),
(156,	'mo@burdell.com',	'Chance',	'male',	1,	'2017-09-30',	' would be a wonderful addition to your family as long as she\'s the only fur',	1,	'2019-12-31',	'7463414892',	'haven\'t thought about any other options',	27),
(157,	'jsweely@fasehatice.com',	'Riley',	'female',	1,	'1997-12-01',	' I\'m looking to to rehome my male Catahoula Leopard Dog/Mountain Cur.',	0,	'2020-01-01',	'8180781419',	'The animal attacks me and my family.',	265),
(158,	'gmatuszak@green-plus.com',	'Jackson',	'male',	1,	'1999-03-03',	' Meet a handsome black Lab mix who\'s almost 5 years old',	1,	'2020-01-03',	NULL,	'My two dogs, who are brother and sister, keep having litters of puppies.',	250),
(159,	'jgiguere@openlane.com',	'Roxy',	'female',	1,	'2017-04-07',	'  is a very loving and affectionate 5 1/2 year old dog who is great with adults but he ha',	0,	'2020-01-07',	'5944042237',	'I need to surrender my dog because it chewed my sprinkler heads.',	33),
(160,	'sahle@treequote.com',	'Maya',	'female',	1,	'2000-12-10',	' Looking for a wonderful family pet? Please check out this pup with the wagging tail, he\'d be s',	0,	'2020-01-10',	'2020876706',	'The animal attacks my other animals.',	229),
(161,	'ncoyier@funholding.com',	'Max',	'male',	1,	'2012-10-16',	'   is a goofy, exciteable, very well trained 8 year old pug-boxer-something mix who',	0,	'2020-01-16',	NULL,	'don\'t like the way the dog reacted to a child',	87),
(162,	'lmenter@plexzap.com',	'Brandy',	'female',	1,	'2017-02-22',	'   I\'m an absolute awesome dog and I love all people. My foster says I have',	0,	'2020-01-22',	'0734163028',	'I didn\'t know I adopted a boy/girl animal.',	35),
(163,	'gmatuszak@green-plus.com',	'Gizmo',	'male',	1,	'2006-05-22',	'  is a loving, snuggly girl who loves long walks and going for car rides but she\'s als',	0,	'2020-01-22',	'9511448238',	'I have decided that my family is allergic to the animal.',	164),
(164,	'barias@xx-holding.com',	'Champ',	'male',	1,	'2013-10-23',	' has quite a resume.  He has graduated Basic I Obedience, Basic II Obedience, learned ',	0,	'2020-01-23',	'7681306976',	'Landlord won\'t let me keep the animal.',	75),
(165,	'edubaldi@finhigh.com',	'Scout',	'unknown',	1,	'2014-02-04',	' This beautiful boy  was adopted out as a puppy to a loving couple but recently has c',	1,	'2020-02-04',	'1712461229',	'The animal pooped/peed on the floor.',	72),
(166,	'rdiestel@goodsilron.com',	'Marley',	'male',	1,	'2019-07-12',	' When their dad passed away in a tragic accident, he and his \"sister\"  ',	0,	'2020-02-12',	'8069469232',	'My doctor told me that the cat will suck the life out of my newborn baby.',	7),
(167,	'gmatuszak@green-plus.com',	'Katie',	'female',	1,	'2016-12-13',	'   a beautiful Hound mix, 7 years old, and weighing 43 pounds.  ',	1,	'2020-02-13',	NULL,	'don\'t know how to handle the animal\'s medical needs',	38),
(168,	'kmunns@yearin.com',	'Pebbles',	'female',	1,	'2018-08-17',	'   is a 3 year old Lab mix who loves people.  She is currently living with 2 children',	0,	'2020-02-17',	NULL,	'My doctor told me that the cat will suck the life out of my newborn baby.',	18),
(169,	'smaclead@openlane.com',	'Winnie',	'female',	1,	'2015-06-18',	' Meet Louie, originally named Jellybean for his love of candy and sweet disposition. He was adopted',	1,	'2020-02-18',	NULL,	'I have decided that my family is allergic to the animal.',	56),
(170,	'lmenter@plexzap.com',	'Benji',	'male',	1,	'2010-08-19',	' is a sweetie pie! He\'s very laid back and gentle with people. He walks well on ',	0,	'2020-02-19',	NULL,	'The animal chews and I don\'t want my belongings destroyed.',	114),
(171,	'rdiestel@goodsilron.com',	'Layla',	'female',	1,	'2006-05-28',	' ended up at an animal shelter as a stray and that\'s where our rescuer discovered this un',	0,	'2020-02-28',	'1617929290',	'don\'t know how to handle the animal\'s medical needs',	165),
(172,	'walbares@conecom.com',	'Elvis',	'male',	1,	'2003-12-28',	' he has had a hard start to his life! This little blue nose nugget of wiggles was scheduled ',	1,	'2020-02-28',	'2801951418',	'think the dog is too hyper',	194),
(173,	'cjurney@groovestreet.com',	'Baxter',	'male',	1,	'1999-09-02',	' was recently diagnosed with glaucoma and required surgery to remove both eyes. :( Consi',	0,	'2020-03-02',	NULL,	'I have decided I am allergic to the animal.',	246),
(174,	'rdiestel@goodsilron.com',	'Sierra',	'female',	1,	'2013-08-04',	'  I came from a shelter that euthanizes over a hundred animals a week. I turned on',	0,	'2020-03-04',	NULL,	'I have decided that my family is allergic to the animal.',	79),
(175,	'srodefer@ontomedia.com',	'Benji',	'male',	1,	'2012-06-04',	' has quite a resume.  He has graduated Basic I Obedience, Basic II Obedience, learned ',	0,	'2020-03-04',	NULL,	'haven\'t thought about any other options',	93),
(176,	'tmarrier@hottechi.com',	'Holly',	'female',	1,	'2005-12-06',	' this boy and his siblings were being given away in a Walmart parking lot in Texas right before the ne',	0,	'2020-03-06',	'9684801212',	'upset that the dog bit somebody',	171),
(177,	'cjurney@groovestreet.com',	'Max',	'unknown',	1,	'2008-10-10',	' is super friendly and loves other cats',	0,	'2020-03-10',	'7476386818',	'the pet sheds too much',	137),
(178,	'rdiestel@goodsilron.com',	'Duke',	'male',	1,	'2007-06-18',	' Meet  a sweet-as-pie Brindle/Blue Nose Pit Bull who needs a new place to live',	0,	'2020-03-18',	NULL,	'the pet sheds too much',	153),
(179,	'cvonasek@toughzap.com',	'Cleo',	'unknown',	1,	'2020-03-19',	' Have you been looking for a Labrador Retriever to join your family? Labs have such great, goofy, c',	0,	'2020-03-19',	'0566618980',	'The animal chews and I don\'t want my belongings destroyed.',	0),
(180,	'rdiestel@goodsilron.com',	'Cocoa',	'female',	1,	'2013-03-24',	' is a very friendly and energetic Rottweiler mix who is7 years old & weighs 59',	1,	'2020-03-24',	'9255463784',	'upset that the dog chewed on something or had an accident',	84),
(181,	'walbares@conecom.com',	'Millie',	'unknown',	1,	'2017-06-25',	' LOVES toys and has been entertaining himself in his run. But it\'s so much nicer to see',	0,	'2020-03-25',	'7044703794',	'The animal has a behavior that I don\'t want to try to work with and correct.',	33),
(182,	'dkeetch@golddex.com',	'Max',	'male',	1,	'2018-04-26',	' he has had a hard start to his life! This little blue nose nugget of wiggles was scheduled ',	0,	'2020-03-26',	NULL,	'don\'t have time for the dog anymore',	23),
(183,	'dkeetch@golddex.com',	'Chance',	'male',	1,	'2014-12-26',	'  is a wonderful family member.  He is 13 years old and has been with ',	1,	'2020-03-26',	'1271437267',	'I have decided that my family is allergic to the animal.',	63),
(184,	'jsweely@fasehatice.com',	'Copper',	'male',	1,	'2013-10-27',	' How could you resist that face! he is a 3 year old stocky little boy who loves attention. ',	0,	'2020-03-27',	'2305374321',	'The animal attacks me and my family.',	77),
(185,	'jgiguere@openlane.com',	'Bubba',	'male',	1,	'2003-03-31',	'   is a 3 year old Lab mix who loves people.  She is currently living with 2 children',	0,	'2020-03-31',	'4376976102',	'The animal attacks my other animals.',	204),
(186,	'mdeleo@funholding.com',	'Sandy',	'female',	1,	'2011-06-02',	' is a fun, energetic girl who was found as a stray in south Texas.  Her owners refused ',	0,	'2020-04-02',	NULL,	'\"My cat is a w***e, she keeps getting pregnant by the neighbor\'s cat and the babies keep dying. This is the third time and I am done with this!\"',	106),
(187,	'mmallett@konex.com',	'Penny',	'female',	1,	'2013-05-03',	'  was found curled up in a shivering ball one frosty morning in the landscaping outside of a ',	0,	'2020-04-03',	'2351193848',	'I have decided I am allergic to the animal.',	83),
(188,	'ncoyier@funholding.com',	'Louie',	'male',	1,	'2016-06-07',	' Meet Louie, originally named Jellybean for his love of candy and sweet disposition. He was adopted',	1,	'2020-04-07',	NULL,	'\"My cat is a w***e, she keeps getting pregnant by the neighbor\'s cat and the babies keep dying. This is the third time and I am done with this!\"',	46),
(189,	'smaclead@openlane.com',	'Moose',	'male',	1,	'2012-07-09',	' After being abandoned in rural east Texas, wandered up to a home. The kind family took h',	0,	'2020-04-09',	'6332625943',	'allergies are a problem',	93),
(190,	'fcrupi@rangreen.com',	'Ellie',	'female',	0,	'2015-04-10',	' We don\'t know what happened to him before he arrived',	0,	'2020-04-10',	NULL,	'The animal has had (puppies/kittens) and I don\'t know how that happened and I don\'t want them anymore.',	60),
(191,	'fcrupi@rangreen.com',	'Benny',	'male',	1,	'2008-05-10',	'   a German Shepherd Mix.  I\'m a bit timid at first, but once I get ',	0,	'2020-04-10',	'5369822981',	'I need to surrender my dog because I just had my carpets cleaned.',	143),
(192,	'dkeetch@golddex.com',	'Mimi',	'female',	1,	'2012-07-13',	' is a 12-week-old Black Cur mix pup who got adopted and who thought he had found his fo',	0,	'2020-04-13',	NULL,	'I don\'t want to be responsible for the animal anymore.',	93),
(193,	'dmontezuma@green-plus.com',	'Kobe',	'male',	1,	'2013-05-14',	'   I\'m an absolute awesome dog and I love all people. My foster says I have',	0,	'2020-04-14',	NULL,	'didn\'t know the cat would sleep all day',	83),
(194,	'jgiguere@openlane.com',	'Layla',	'female',	1,	'2016-09-16',	'   is a 3 year old Lab mix who loves people.  She is currently living with 2 children',	0,	'2020-04-16',	'8193161267',	'The animal attacks me and my family.',	43),
(195,	'edubaldi@finhigh.com',	'Boomer',	'male',	1,	'2012-01-17',	' After being abandoned in rural east Texas, wandered up to a home. The kind family took h',	0,	'2020-04-17',	'7339516057',	'I don\'t have time for the animal.',	99),
(196,	'mmallett@konex.com',	'Callie',	'female',	1,	'2007-08-20',	' is a PRECIOUS little man!  He\'s so sweet and snuggly!   gets along w',	0,	'2020-04-20',	'7960026909',	'decided they have too many animals at home',	152),
(197,	'cjurney@groovestreet.com',	'Buddy',	'male',	1,	'2018-01-23',	' is a senior boy, 11-12 years old, the life he led before being rescued was filled ',	0,	'2020-04-23',	NULL,	'allergies are a problem',	27),
(198,	'mo@burdell.com',	'Buster',	'male',	1,	'2015-09-30',	' is a ball-chasing, attention-loving, breathtakingly gorgeous boy.  A perfect day',	0,	'2020-04-30',	'1180081313',	'decided they have too many animals at home',	55),
(199,	'dkeetch@golddex.com',	'Scout',	'female',	1,	'2020-01-07',	' is a sweet girl who was separated from her litter after having to have a lifesaving blood tr',	0,	'2020-05-07',	NULL,	'I got a new house and don\'t want it.',	4),
(200,	'mdeleo@funholding.com',	'Brady',	'male',	1,	'2014-03-11',	'   is an 8 year old Pointer mix who is looking for a place to spend his golden years. This ha',	0,	'2020-05-11',	NULL,	'think the dog barks too much',	74),
(201,	'barias@xx-holding.com',	'Copper',	'male',	1,	'1998-09-12',	' was rescued from euthanasia at a Texas shelter. he is energetic and playful. He gets alon',	0,	'2020-05-12',	'5339875379',	'The animal chews and I don\'t want my belongings destroyed.',	260),
(202,	'edubaldi@finhigh.com',	'Brody',	'male',	1,	'2018-07-14',	'  is a wonderful family member.  He is 13 years old and has been with ',	0,	'2020-05-14',	NULL,	'renovating the house or redoing the yard',	22),
(203,	'mmallett@konex.com',	'Mickey',	'male',	1,	'2009-11-19',	'  loves to snuggle & have her ears scratched. She loves to play with oth',	0,	'2020-05-19',	'3496488220',	'When I got it the animal was small and cute and now it is grown up and not cute.',	126),
(204,	'tmarrier@hottechi.com',	'Bandit',	'male',	1,	'2000-04-22',	' she was being given away in the back of a gas station in a rural Texas town when one of our',	0,	'2020-05-22',	'4054902946',	'I told my dying family member that I would care for their animal after they died to make them feel better, but I really don\'t want the animal so I am surrendering it to you.',	241),
(205,	'tmarrier@hottechi.com',	'Brutus',	'male',	0,	'2013-05-25',	'  is a two and a half old and such a sweetheart.   loves the car and likes ',	0,	'2020-05-25',	'3809882192',	'the pet sheds too much',	84),
(206,	'vmenter@silis.com',	'Mocha',	'female',	1,	'2012-11-25',	'    has the floppiest ears and the saddest eyes, but ',	0,	'2020-05-25',	'2209144417',	'upset that the dog chewed on something or had an accident',	90),
(207,	'cvonasek@toughzap.com',	'Shadow',	'female',	0,	'2009-07-28',	' From his foster mom: is an 8-month-old, 43 pound, Black Lab who spent his firs',	1,	'2020-05-28',	NULL,	'\"My cat is a w***e, she keeps getting pregnant by the neighbor\'s cat and the babies keep dying. This is the third time and I am done with this!\"',	130),
(208,	'jgiguere@openlane.com',	'Sugar',	'female',	0,	'2010-05-29',	'  was a service dog for an elderly man who recently passed away. Now this boy needs a new home',	0,	'2020-05-29',	'1279487985',	'didn\'t realize that the animal would need so much attention',	120),
(209,	'ncoyier@funholding.com',	'Bailey',	'male',	1,	'2015-11-01',	' he has had a hard start to his life! This little blue nose nugget of wiggles was scheduled ',	0,	'2020-06-01',	NULL,	'don\'t have time for the dog anymore',	55),
(210,	'cjurney@groovestreet.com',	'Joey',	'male',	1,	'2008-04-02',	' she was being given away in the back of a gas station in a rural Texas town when one of our',	0,	'2020-06-02',	'6580299670',	'allergies are a problem',	146),
(211,	'cvonasek@toughzap.com',	'Finn',	'male',	1,	'2019-03-02',	' This gorgeous boy is a Saint Bernard mix. He is',	0,	'2020-06-02',	'3069312414',	'I am moving and I can\'t take them with me.',	15),
(212,	'kmunns@yearin.com',	'Sophie',	'unknown',	0,	'2011-10-04',	'   is a loving, young, playful bundle of joy & energy who would love to find herself ',	0,	'2020-06-04',	'1879183892',	'My child moved to college and left their animal behind.',	104),
(213,	'jsweely@fasehatice.com',	'Charlie',	'female',	0,	'2007-03-05',	' is a handsome 3 1/2 year old Shepherd mix. He is good with other dogs.  He would do',	0,	'2020-06-05',	'7241808764',	'The animal pooped/peed on the floor.',	159),
(214,	'cjurney@groovestreet.com',	'Grace',	'female',	1,	'2007-12-05',	'  He\'s approximately one to one and a half years old. He was rescued a few months',	0,	'2020-06-05',	'4935743572',	'I am going to have a child and don\'t want the animal anymore.',	150),
(215,	'sahle@treequote.com',	'Charlie',	'male',	1,	'2011-07-08',	'  was recently rescued from euthanasia at a Texas shelter. She has the sweetest face!  I',	1,	'2020-06-08',	'9790715047',	'The dog barks too much or the cat meows too much.',	107),
(216,	'fcrupi@rangreen.com',	'Dixie',	'female',	1,	'2017-06-10',	'  is in foster and here\'s what her foster has to say: Meet the most lovable, frie',	0,	'2020-06-10',	'4262910035',	'The animal turned 10 and you surrender the animal when it reaches that age.',	36),
(217,	'asmith@zotware.com',	'Jackson',	'male',	0,	'2016-11-12',	' this boy and his siblings were being given away in a Walmart parking lot in Texas right before the ne',	1,	'2020-06-12',	'3539230546',	'can\'t or don\'t want to handle the costs of the pet\'s needs',	43),
(218,	'dkeetch@golddex.com',	'Angel',	'female',	0,	'2004-01-15',	'  a big scruffy pup and devoted friend to those he trusts.  But trust takes tim',	0,	'2020-06-15',	'5383692461',	'I don\'t have time for the animal.',	197),
(219,	'dkeetch@golddex.com',	'Bailey',	'male',	1,	'2010-07-16',	' would be a wonderful addition to your family as long as she\'s the only fur',	0,	'2020-06-16',	'3508454855',	'upset that the dog chewed on something or had an accident',	119),
(220,	'barias@xx-holding.com',	'Josie',	'female',	0,	'2004-03-17',	' was rescued from euthanasia at a Texas shelter. he is energetic and playful. He gets alon',	0,	'2020-06-17',	'9249157474',	'allergies are a problem',	195),
(221,	'sahle@treequote.com',	'Hunter',	'male',	1,	'2013-07-19',	'  is looking for a family of his own, preferably one with kids as he loves children! ',	0,	'2020-06-19',	'9714706018',	'I don\'t have time for the animal.',	83),
(222,	'srodefer@ontomedia.com',	'Trixie',	'female',	0,	'2013-01-24',	' If you\'re looking for a \"no brainer\", check out this girl. She is a really E',	0,	'2020-06-24',	'4662455221',	'The animal chews and I don\'t want my belongings destroyed.',	89),
(223,	'edubaldi@finhigh.com',	'Athena',	'female',	0,	'2013-10-24',	' Meet Lucky!!! He might not have been so lucky in the past, but we hope he will be lucky ',	0,	'2020-06-24',	'2723749351',	'having \'personal problems\'',	80),
(224,	'rdiestel@goodsilron.com',	'Bentley',	'male',	1,	'2010-08-25',	' is a very friendly and energetic Rottweiler mix who is7 years old & weighs 59',	0,	'2020-06-25',	'7704051752',	'The animal chews and I don\'t want my belongings destroyed.',	118);


DROP TABLE IF EXISTS `Expense`;
CREATE TABLE `Expense` (
  `dogID` int unsigned NOT NULL,
  `expense_date` date NOT NULL,
  `vendor` varchar(250) NOT NULL,
  `amount` double NOT NULL,
  `description` text,
  PRIMARY KEY (`dogID`,`vendor`,`expense_date`),
  CONSTRAINT `fk_Expense_dogID_Dog_dogID` FOREIGN KEY (`dogID`) REFERENCES `Dog` (`dogID`)
) ;

INSERT INTO `Expense` (`dogID`, `expense_date`, `vendor`, `amount`, `description`) VALUES
(2,	'2019-01-13',	'Petco',	74.02,	'Purina Pro Plan Focus Adult Sensitive Skin & Stomach Salmon & Rice Formula Dry Dog Food'),
(7,	'2019-01-28',	'Dr Smith',	105.07,	'medicine'),
(9,	'2019-01-26',	'Dr Hudson',	144.22,	'Exploratory celiotomy - ventral midline '),
(9,	'2019-02-16',	'Kahoots Pet',	60.56,	'Blue Buffalo Homestyle Recipe Chicken Dinner with Garden Vegetables & Brown Rice Canned Dog Food'),
(11,	'2019-02-12',	'Dr Rozenman',	278.95,	NULL),
(11,	'2019-02-27',	'Dr Smith',	191.42,	'medical procedure'),
(12,	'2019-03-08',	'Canine Learning Centers',	22.43,	'Top Paw Spiky Ball Toy'),
(12,	'2019-04-09',	'Dr Arnold',	277.37,	'Exploratory celiotomy - left flank'),
(12,	'2019-02-03',	'Dr Rozenman',	125.21,	NULL),
(14,	'2019-02-18',	'Dr Brown',	124.43,	'vaccination'),
(18,	'2019-11-08',	'Arrieros Pet Shop',	0.05,	'Trixie Activity Flip Board Activity Strategy Game Dog Toy'),
(18,	'2019-12-10',	'Arrieros Pet Shop',	8.59,	'Chuckit! Indoor Ball Dog Toy'),
(18,	'2019-10-16',	'Canine Learning Centers',	0.26,	'Iams ProActive Health Adult MiniChunks Dry Dog Food'),
(18,	'2019-12-28',	'Decker\'s Dog and Cat',	14.9,	'American Journey Salmon & Sweet Potato Recipe Grain-Free Dry Dog Food'),
(18,	'2020-04-05',	'Dr Arnold',	194.96,	'fractures'),
(18,	'2019-06-29',	'Dr Brown',	288.54,	'bleeding'),
(18,	'2019-08-09',	'Dr Wilson',	86.07,	NULL),
(18,	'2019-05-11',	'Kahoots Pet',	73.41,	NULL),
(18,	'2019-03-15',	'Pet Kingdom',	19.67,	'Top Paw Spiky Ball Toy'),
(18,	'2019-04-11',	'Pet Kingdom',	24.66,	'JW Pet Hol-ee Roller Dog Toy'),
(18,	'2019-06-21',	'Petco',	40.46,	'Rachael Ray Nutrish Natural Chicken & Veggies Recipe Dry Dog Food'),
(18,	'2020-05-23',	'Petco',	5.77,	'Top Paw Spiky Ball Toy'),
(25,	'2019-03-17',	'Dr Jones',	95.29,	'fractures'),
(31,	'2019-04-19',	'Dr Arnold',	71.4,	'surgery'),
(33,	'2019-04-09',	'Pawerica Pet Store',	6.79,	'Nylabone DuraChew Textured Ring Flavor Medley Dog Chew Toy'),
(34,	'2019-04-21',	'Petco',	44.29,	'Taste of the Wild High Prairie Grain-Free Dry Dog Food'),
(39,	'2019-04-11',	'Dr Smith',	108.73,	'fractures'),
(42,	'2019-05-11',	'Dr Jones',	255.55,	NULL),
(42,	'2019-05-03',	'Dr Wilson',	3.67,	'medicine'),
(43,	'2019-05-05',	'Dr Hudson',	258.8,	'medicine'),
(45,	'2019-04-20',	'Dr Rozenman',	282.5,	'Exploratory celiotomy - ventral midline '),
(47,	'2019-05-02',	'Kahoots Pet',	9.4,	'Chuckit! Indoor Ball Dog Toy'),
(49,	'2019-05-21',	'Dr Brown',	1.57,	NULL),
(49,	'2019-06-13',	'Unleashed by Petco',	9.92,	'Top Paw Spiky Ball Toy'),
(50,	'2019-05-18',	'Dr Rozenman',	164.1,	'surgery'),
(55,	'2019-05-17',	'Arrieros Pet Shop',	8.1,	'Nylabone DuraChew Textured Ring Flavor Medley Dog Chew Toy'),
(58,	'2019-05-28',	'Petco',	30.22,	'Hill\'s Science Diet Adult Sensitive Stomach & Skin Chicken Recipe Dry Dog Food'),
(58,	'2019-06-05',	'Unleashed by Petco',	47.45,	'Hill\'s Science Diet Adult Sensitive Stomach & Skin Chicken Recipe Dry Dog Food'),
(63,	'2019-06-10',	'Dr Arnold',	59.89,	NULL),
(66,	'2019-06-15',	'Dr Smith',	38.66,	'physical'),
(67,	'2019-08-26',	'Dr Jones',	90.19,	'surgery'),
(67,	'2019-07-10',	'Unleashed by Petco',	0.14,	'Top Paw Spiky Ball Toy'),
(68,	'2019-06-19',	'Arrieros Pet Shop',	30.67,	'American Journey Salmon & Sweet Potato Recipe Grain-Free Dry Dog Food'),
(70,	'2019-07-14',	'Arrieros Pet Shop',	60.46,	'SmartBones SmartSticks Peanut Butter Chews Dog Treats Food'),
(70,	'2019-07-23',	'Pawerica Pet Store',	45.72,	'Taste of the Wild High Prairie Grain-Free Dry Dog Food'),
(70,	'2019-06-28',	'Pet Group Inc',	19.34,	'JW Pet Hol-ee Roller Dog Toy'),
(72,	'2019-07-15',	'Dr Hudson',	208.33,	'Exploratory celiotomy - left flank'),
(72,	'2019-09-26',	'Petco',	14.57,	'Blue Buffalo Homestyle Recipe Chicken Dinner with Garden Vegetables & Brown Rice Canned Dog Food'),
(72,	'2019-08-11',	'TagWorks',	20.52,	'American Journey Salmon & Sweet Potato Recipe Grain-Free Dry Dog Food'),
(72,	'2019-07-06',	'Unleashed by Petco',	24.69,	'Nylabone DuraChew Textured Ring Flavor Medley Dog Chew Toy'),
(72,	'2019-09-15',	'Unleashed by Petco',	11.04,	'Blue Buffalo Homestyle Recipe Chicken Dinner with Garden Vegetables & Brown Rice Canned Dog Food'),
(74,	'2019-07-15',	'Pawerica Pet Store',	24.55,	'Blue Buffalo Homestyle Recipe Chicken Dinner with Garden Vegetables & Brown Rice Canned Dog Food'),
(76,	'2019-07-28',	'Dr Smith',	82.28,	'Abomasopexy, left flank '),
(76,	'2019-07-25',	'Kahoots Pet',	70.44,	'Taste of the Wild High Prairie Grain-Free Dry Dog Food'),
(83,	'2019-08-02',	'Decker\'s Dog and Cat',	5.94,	'JW Pet Hol-ee Roller Dog Toy'),
(83,	'2019-07-29',	'Petco',	74.13,	NULL),
(84,	'2019-07-24',	'Arrieros Pet Shop',	64.61,	NULL),
(86,	'2019-07-26',	'Dr Towers',	117.82,	'Abomasopexy, left flank '),
(86,	'2019-09-05',	'Petco',	56.08,	NULL),
(89,	'2019-08-01',	'Pawerica Pet Store',	5.95,	'Nylabone Puppy X Bone Dog Toy'),
(90,	'2019-09-04',	'Decker\'s Dog and Cat',	15.77,	NULL),
(90,	'2019-08-12',	'Dr Towers',	292.93,	NULL),
(90,	'2019-08-04',	'TagWorks',	15.6,	'Trixie Activity Flip Board Activity Strategy Game Dog Toy'),
(96,	'2019-08-19',	'Pawerica Pet Store',	66.58,	'Taste of the Wild High Prairie Grain-Free Dry Dog Food'),
(105,	'2019-10-01',	'Dr Arnold',	257.53,	'surgery'),
(106,	'2019-09-11',	'Dr Wilson',	286.61,	'fractures'),
(107,	'2019-09-11',	'Pet Kingdom',	53.27,	'Blue Buffalo Homestyle Recipe Chicken Dinner with Garden Vegetables & Brown Rice Canned Dog Food'),
(108,	'2019-09-15',	'Dr Brown',	198.62,	NULL),
(111,	'2019-09-26',	'Pet Group Inc',	12.84,	'Trixie Activity Flip Board Activity Strategy Game Dog Toy'),
(112,	'2019-10-29',	'Canine Learning Centers',	19.06,	'Outward Hound HedgehogZ Squeaky Plush Dog Toy'),
(112,	'2019-10-11',	'Dr Brown',	265.91,	'fractures'),
(112,	'2019-10-03',	'Dr Hudson',	264.27,	'Abomasopexy, left flank '),
(112,	'2019-11-26',	'Dr Jones',	122.03,	'vaccination'),
(112,	'2019-12-08',	'Pet Kingdom',	66.04,	'Taste of the Wild High Prairie Grain-Free Dry Dog Food'),
(113,	'2019-12-08',	'Dr Arnold',	290.47,	NULL),
(113,	'2019-10-15',	'Dr Brown',	96.82,	NULL),
(113,	'2020-01-20',	'Dr Brown',	42.19,	'Exploratory celiotomy - left flank'),
(113,	'2020-01-12',	'Dr Hudson',	250.39,	'Exploratory celiotomy - ventral midline '),
(113,	'2019-12-21',	'Dr Towers',	253.01,	'Abomasopexy, left flank '),
(113,	'2020-01-01',	'TagWorks',	5.85,	'Hill\'s Science Diet Adult Sensitive Stomach & Skin Chicken Recipe Dry Dog Food'),
(113,	'2019-11-09',	'Unleashed by Petco',	6.35,	'Hill\'s Science Diet Adult Sensitive Stomach & Skin Chicken Recipe Dry Dog Food'),
(114,	'2019-10-13',	'Decker\'s Dog and Cat',	55.36,	'KONG Easy Treat Dog Treat - Bacon & Cheese Food'),
(117,	'2019-10-15',	'Dr Wilson',	193.74,	'physical'),
(123,	'2019-10-26',	'Canine Learning Centers',	60.83,	'Taste of the Wild High Prairie Grain-Free Dry Dog Food'),
(124,	'2019-11-11',	'Dr Brown',	36.65,	'surgery'),
(124,	'2019-11-04',	'Dr Hudson',	83.35,	'surgery'),
(125,	'2019-11-03',	'Canine Learning Centers',	15.82,	'JW Pet Hol-ee Roller Dog Toy'),
(127,	'2019-11-07',	'Dr Hudson',	82.54,	'Abomasopexy, left flank '),
(129,	'2019-11-12',	'Dr Jones',	29.29,	'medical procedure'),
(130,	'2019-12-09',	'Dr Jones',	206.15,	'medical procedure'),
(130,	'2019-11-19',	'Dr Smith',	279.09,	'Exploratory celiotomy - left flank'),
(131,	'2019-11-16',	'Unleashed by Petco',	36.74,	'Iams ProActive Health Adult MiniChunks Dry Dog Food'),
(133,	'2019-12-18',	'Canine Learning Centers',	13.11,	NULL),
(133,	'2019-11-25',	'Pet Kingdom',	3.23,	'Nylabone Puppy X Bone Dog Toy'),
(133,	'2019-11-21',	'Unleashed by Petco',	13.82,	NULL),
(134,	'2019-11-20',	'Dr Brown',	296.56,	'medicine'),
(134,	'2019-11-18',	'Dr Hudson',	117.61,	'Abomasopexy, left flank '),
(138,	'2019-11-22',	'Dr Hudson',	234.9,	'physical'),
(139,	'2020-01-01',	'Canine Learning Centers',	22.68,	'Nylabone DuraChew Textured Ring Flavor Medley Dog Chew Toy'),
(139,	'2019-12-29',	'Decker\'s Dog and Cat',	62.07,	'Hill\'s Science Diet Adult Sensitive Stomach & Skin Chicken Recipe Dry Dog Food'),
(139,	'2019-11-30',	'Dr Arnold',	193.36,	'medicine'),
(139,	'2019-12-21',	'Dr Arnold',	63.31,	'Exploratory celiotomy - left flank'),
(139,	'2019-11-26',	'Dr Brown',	94.93,	NULL),
(139,	'2020-03-07',	'Dr Hudson',	125.15,	'fractures'),
(139,	'2020-01-27',	'Kahoots Pet',	22.7,	NULL),
(139,	'2020-02-12',	'Kahoots Pet',	27.1,	'Blue Buffalo Life Protection Formula Adult Chicken & Brown Rice Recipe Dry Dog Food'),
(139,	'2020-01-14',	'Petco',	35.53,	'Iams ProActive Health Adult MiniChunks Dry Dog Food'),
(139,	'2020-04-06',	'Unleashed by Petco',	17.1,	'Nylabone DuraChew Textured Ring Flavor Medley Dog Chew Toy'),
(140,	'2019-12-01',	'Dr Smith',	249.58,	'vaccination'),
(143,	'2019-12-11',	'Pawerica Pet Store',	14.53,	'Nylabone Puppy X Bone Dog Toy'),
(146,	'2019-12-12',	'Decker\'s Dog and Cat',	43.32,	'Taste of the Wild High Prairie Grain-Free Dry Dog Food'),
(146,	'2019-12-22',	'Kahoots Pet',	66.05,	'Blue Buffalo Life Protection Formula Adult Chicken & Brown Rice Recipe Dry Dog Food'),
(153,	'2019-12-26',	'Dr Jones',	188.23,	'medicine'),
(157,	'2020-01-01',	'Dr Brown',	82.72,	'Abomasopexy, left flank '),
(159,	'2020-01-08',	'TagWorks',	21.47,	'Top Paw Spiky Ball Toy'),
(160,	'2020-01-14',	'Dr Jones',	231.99,	'surgery'),
(160,	'2020-01-26',	'Dr Jones',	242.42,	'medicine'),
(160,	'2020-02-17',	'Unleashed by Petco',	65.56,	'Blue Buffalo Life Protection Formula Adult Chicken & Brown Rice Recipe Dry Dog Food'),
(166,	'2020-03-11',	'Arrieros Pet Shop',	15.54,	'JW Pet Hol-ee Roller Dog Toy'),
(166,	'2020-04-05',	'Dr Hudson',	30.16,	'Exploratory celiotomy - left flank'),
(166,	'2020-03-15',	'Dr Jones',	117.23,	'Exploratory celiotomy - left flank'),
(166,	'2020-03-26',	'Petco',	3.99,	'Nylabone DuraChew Textured Ring Flavor Medley Dog Chew Toy'),
(166,	'2020-03-31',	'Petco',	1.05,	'KONG Easy Treat Dog Treat - Bacon & Cheese Food'),
(171,	'2020-03-01',	'Pawerica Pet Store',	20.69,	'SmartBones SmartSticks Peanut Butter Chews Dog Treats Food'),
(172,	'2020-03-06',	'Canine Learning Centers',	44.29,	NULL),
(172,	'2020-03-24',	'Dr Smith',	217.15,	'fractures'),
(174,	'2020-03-05',	'Pet Group Inc',	12.24,	NULL),
(176,	'2020-03-28',	'Canine Learning Centers',	35.83,	'SmartBones SmartSticks Peanut Butter Chews Dog Treats Food'),
(176,	'2020-03-08',	'Dr Smith',	37.18,	'Exploratory celiotomy - left flank'),
(176,	'2020-04-28',	'TagWorks',	7.39,	'Top Paw Spiky Ball Toy'),
(177,	'2020-03-18',	'Pet Kingdom',	20.21,	NULL),
(179,	'2020-03-20',	'Dr Rozenman',	159.78,	'surgery'),
(183,	'2020-03-31',	'Dr Jones',	27.53,	'physical'),
(183,	'2020-04-02',	'Unleashed by Petco',	3.8,	'Chuckit! Indoor Ball Dog Toy'),
(184,	'2020-03-27',	'Pet Kingdom',	10.4,	'KONG AirDog Tennis Ball Squeaker Dog Toy'),
(185,	'2020-04-23',	'Dr Hudson',	166.54,	'physical'),
(185,	'2020-05-18',	'Dr Jones',	208.53,	NULL),
(185,	'2020-04-09',	'Pet Group Inc',	20.14,	'Chuckit! Indoor Ball Dog Toy'),
(187,	'2020-04-15',	'Dr Arnold',	68.54,	NULL),
(187,	'2020-05-06',	'Dr Rozenman',	114.41,	'vaccination'),
(188,	'2020-05-05',	'Canine Learning Centers',	57.37,	'Rachael Ray Nutrish Natural Chicken & Veggies Recipe Dry Dog Food'),
(188,	'2020-04-16',	'Dr Brown',	178.98,	'fractures'),
(188,	'2020-04-22',	'Dr Wilson',	147.02,	'surgery'),
(188,	'2020-05-25',	'Dr Wilson',	179.66,	'bleeding'),
(188,	'2020-05-15',	'Petco',	6.61,	'Purina Pro Plan Focus Adult Sensitive Skin & Stomach Salmon & Rice Formula Dry Dog Food'),
(189,	'2020-04-24',	'Canine Learning Centers',	21.49,	'KONG Easy Treat Dog Treat - Bacon & Cheese Food'),
(190,	'2020-04-12',	'Dr Brown',	290.32,	'medicine'),
(190,	'2020-04-27',	'Dr Wilson',	279.14,	'medicine'),
(190,	'2020-05-17',	'Pet Kingdom',	11.82,	NULL),
(193,	'2020-04-29',	'Arrieros Pet Shop',	3.32,	NULL),
(193,	'2020-04-22',	'Dr Wilson',	169.85,	'bleeding'),
(193,	'2020-05-11',	'Pawerica Pet Store',	1.88,	'Hill\'s Science Diet Adult Sensitive Stomach & Skin Chicken Recipe Dry Dog Food'),
(193,	'2020-04-19',	'Pet Kingdom',	7.24,	'JW Pet Hol-ee Roller Dog Toy'),
(196,	'2020-04-23',	'Dr Towers',	153.49,	'surgery'),
(199,	'2020-05-14',	'Dr Wilson',	181.53,	'bleeding'),
(200,	'2020-05-11',	'TagWorks',	49.34,	'SmartBones SmartSticks Peanut Butter Chews Dog Treats Food'),
(202,	'2020-05-15',	'Decker\'s Dog and Cat',	11.16,	'JW Pet Hol-ee Roller Dog Toy'),
(204,	'2020-05-25',	'Dr Wilson',	175.96,	'medical procedure'),
(205,	'2020-05-29',	'Dr Jones',	211.12,	'bleeding'),
(208,	'2020-06-01',	'Decker\'s Dog and Cat',	1.36,	'KONG AirDog Tennis Ball Squeaker Dog Toy');

DROP TABLE IF EXISTS `User`;
CREATE TABLE `User` (
  `email` varchar(50) CHARACTER SET utf8mb4 COLLATE utf8mb4_0900_ai_ci NOT NULL,
  `password` varchar(250) CHARACTER SET utf8mb4 COLLATE utf8mb4_0900_ai_ci NOT NULL,
  `first_name` varchar(50) CHARACTER SET utf8mb4 COLLATE utf8mb4_0900_ai_ci NOT NULL,
  `last_name` varchar(50) CHARACTER SET utf8mb4 COLLATE utf8mb4_0900_ai_ci NOT NULL,
  `cell_phone` varchar(20) CHARACTER SET utf8mb4 COLLATE utf8mb4_0900_ai_ci NOT NULL,
  `started_date` date NOT NULL,
  `is_admin` tinyint(1) NOT NULL,
  `volunteer` tinyint(1) NOT NULL,
  PRIMARY KEY (`email`)
) ;

INSERT INTO `User` (`email`, `password`, `first_name`, `last_name`, `cell_phone`, `started_date`, `is_admin`, `volunteer`) VALUES
('asmith@zotware.com',	'9003d1df22eb4d3820015070385194c8',	'Nichelle',	'Ruta',	'2154786705',	'2019-01-01',	0,	1),
('barias@xx-holding.com',	'9003d1df22eb4d3820015070385194c8',	'Layla',	'Boulter',	'6656503829',	'2018-12-25',	0,	1),
('cjurney@groovestreet.com',	'9003d1df22eb4d3820015070385194c8',	'Brittni',	'Boord',	'1875176352',	'2018-12-30',	0,	1),
('cvonasek@toughzap.com',	'9003d1df22eb4d3820015070385194c8',	'Malcolm',	'Vocelka',	'3961960379',	'2018-12-26',	0,	1),
('dkeetch@golddex.com',	'9003d1df22eb4d3820015070385194c8',	'Roosevelt',	'Springe',	'4531134131',	'2018-12-24',	0,	1),
('dmontezuma@green-plus.com',	'9003d1df22eb4d3820015070385194c8',	'Jeanice',	'Heintzman',	'5515197966',	'2018-12-27',	0,	1),
('edubaldi@finhigh.com',	'9003d1df22eb4d3820015070385194c8',	'Candida',	'Nayar',	'1787601359',	'2018-12-31',	0,	1),
('fcrupi@rangreen.com',	'9003d1df22eb4d3820015070385194c8',	'Gail',	'Fallick',	'3703791448',	'2018-12-25',	0,	1),
('gmatuszak@green-plus.com',	'9003d1df22eb4d3820015070385194c8',	'Salome',	'Fern',	'3731243863',	'2018-12-31',	0,	1),
('jgiguere@openlane.com',	'9003d1df22eb4d3820015070385194c8',	'Cory',	'Diestel',	'7806817465',	'2018-12-23',	0,	1),
('jsweely@fasehatice.com',	'9003d1df22eb4d3820015070385194c8',	'Dalene',	'Craghead',	'3875514070',	'2019-01-01',	0,	1),
('kmunns@yearin.com',	'9003d1df22eb4d3820015070385194c8',	'Laurel',	'Ahle',	'5644284709',	'2018-12-31',	0,	1),
('lmenter@plexzap.com',	'9003d1df22eb4d3820015070385194c8',	'Roselle',	'Emigh',	'8947815589',	'2018-12-23',	0,	1),
('mdeleo@funholding.com',	'9003d1df22eb4d3820015070385194c8',	'Quentin',	'Loader',	'8795863139',	'2018-12-29',	0,	1),
('mmallett@konex.com',	'9003d1df22eb4d3820015070385194c8',	'Angella',	'Hoogland',	'4386427372',	'2018-12-26',	0,	1),
('mo@burdell.com',	'27c9d5187cd283f8d160ec1ed2b5ac89',	'Mo',	'Burdell',	'7807479196',	'2018-01-01',	1,	0),
('nbatman@ron-tech.com',	'9003d1df22eb4d3820015070385194c8',	'Raylene',	'Blackwood',	'7651019389',	'2018-12-29',	0,	1),
('ncoyier@funholding.com',	'9003d1df22eb4d3820015070385194c8',	'Daniel',	'Neither',	'8389088169',	'2018-12-26',	0,	1),
('rdiestel@goodsilron.com',	'9003d1df22eb4d3820015070385194c8',	'Ronny',	'Tagala',	'5301442835',	'2018-12-30',	0,	1),
('sahle@treequote.com',	'9003d1df22eb4d3820015070385194c8',	'Lettie',	'Colla',	'7962203632',	'2018-12-30',	0,	1),
('sjurney@groovestreet.com',	'9003d1df22eb4d3820015070385194c8',	'Evangelina',	'Crupi',	'4931010544',	'2018-12-26',	0,	1),
('smaclead@openlane.com',	'9003d1df22eb4d3820015070385194c8',	'Casie',	'Comnick',	'4275104007',	'2018-12-30',	0,	1),
('srodefer@ontomedia.com',	'9003d1df22eb4d3820015070385194c8',	'Paris',	'Yum',	'5323782223',	'2018-12-30',	0,	1),
('team012@gatech.edu',	'cb805e33e9e1e9a76fa0669b14a37e48',	'Team',	'12',	'4046001111',	'2019-01-16',	1,	0),
('tmarrier@hottechi.com',	'9003d1df22eb4d3820015070385194c8',	'Herminia',	'Nicka',	'6652890833',	'2018-12-24',	0,	1),
('vmenter@silis.com',	'9003d1df22eb4d3820015070385194c8',	'Nickolas',	'Gochal',	'5660399052',	'2018-12-29',	0,	1),
('walbares@conecom.com',	'9003d1df22eb4d3820015070385194c8',	'Vilma',	'Marrier',	'3419223914',	'2018-12-23',	0,	1);


